,taxon_name_w_authors,v11_accepted_name_w_author,v12_taxon_name_w_authors,v12_chained_accepted_name_w_author,v12_chained_accepted_species_w_author,v12_direct_accepted_name_w_author,v12_direct_accepted_species_w_author,v12_chained_accepted_genus,v12_direct_accepted_genus
32208,Eugenia doniana O.Berg,Eugenia stictopetala DC.,Eugenia stictopetala DC.,Eugenia stictopetala DC.,Eugenia stictopetala DC.,Myrcia doniana O.Berg,Myrcia doniana O.Berg,Eugenia,Myrcia
56223,Angraecum pescatorianum Lindl.,Oeoniella polystachys (Thouars) Schltr.,Oeoniella polystachys (Thouars) Schltr.,Oeoniella polystachys (Thouars) Schltr.,Oeoniella polystachys (Thouars) Schltr.,Listrostachys pertusa (Lindl.) Rchb.f.,Listrostachys pertusa (Lindl.) Rchb.f.,Oeoniella,Listrostachys
77548,Eugenia egensis var. tenuiramis (Miq.) O.Berg,Syzygium zeylanicum (L.) DC.,Syzygium zeylanicum (L.) DC.,Syzygium zeylanicum (L.) DC.,Syzygium zeylanicum (L.) DC.,Eugenia egensis DC.,Eugenia egensis DC.,Syzygium,Eugenia
77553,Eugenia tenuiramis Miq.,Syzygium zeylanicum (L.) DC.,Syzygium zeylanicum (L.) DC.,Syzygium zeylanicum (L.) DC.,Syzygium zeylanicum (L.) DC.,Eugenia egensis DC.,Eugenia egensis DC.,Syzygium,Eugenia
83465,Restrepia liebmanniana Kraenzl.,Acianthera strupifolia (Lindl.) Pridgeon & M.W.Chase,Acianthera strupifolia (Lindl.) Pridgeon & M.W.Chase,Acianthera strupifolia (Lindl.) Pridgeon & M.W.Chase,Acianthera strupifolia (Lindl.) Pridgeon & M.W.Chase,Andreettaea marginata (Rich.) A.Doucette,Andreettaea marginata (Rich.) A.Doucette,Acianthera,Andreettaea
123587,Polemonium campanuloides L.f.,Retzia capensis Thunb.,Retzia capensis Thunb.,Retzia capensis Thunb.,Retzia capensis Thunb.,Prismatocarpus campanuloides (L.f.) Sond.,Prismatocarpus campanuloides (L.f.) Sond.,Retzia,Prismatocarpus
123588,Retzia campanuloides (L.f.) Spreng.,Retzia capensis Thunb.,Retzia capensis Thunb.,Retzia capensis Thunb.,Retzia capensis Thunb.,Prismatocarpus campanuloides (L.f.) Sond.,Prismatocarpus campanuloides (L.f.) Sond.,Retzia,Prismatocarpus
123589,Polemonium roelloides L.f.,Retzia capensis Thunb.,Retzia capensis Thunb.,Retzia capensis Thunb.,Retzia capensis Thunb.,Prismatocarpus pedunculatus (P.J.Bergius) A.DC.,Prismatocarpus pedunculatus (P.J.Bergius) A.DC.,Retzia,Prismatocarpus
123591,Retzia roelloides (L.f.) Spreng.,Retzia capensis Thunb.,Retzia capensis Thunb.,Retzia capensis Thunb.,Retzia capensis Thunb.,Prismatocarpus pedunculatus (P.J.Bergius) A.DC.,Prismatocarpus pedunculatus (P.J.Bergius) A.DC.,Retzia,Prismatocarpus
170314,Triticum glaucum Honck.,Thinopyrum intermedium subsp. intermedium,Thinopyrum intermedium subsp. intermedium,Thinopyrum intermedium subsp. intermedium,Thinopyrum intermedium (Host) Barkworth & D.R.Dewey,Triticum turgidum subsp. polonicum (L.) Thell.,Triticum turgidum L.,Thinopyrum,Triticum
195165,Lobivia acanthoplegma var. oligotricha (Cárdenas) Gertel & R.Wahl,Lobivia cinnabarina (Hook.) Britton & Rose,Lobivia cinnabarina (Hook.) Britton & Rose,Lobivia cinnabarina (Hook.) Britton & Rose,Lobivia cinnabarina (Hook.) Britton & Rose,Echinopsis oligotricha (Cárdenas) M.Lowry,Echinopsis oligotricha (Cárdenas) M.Lowry,Lobivia,Echinopsis
209742,Ocotea minarum var. canescens (Meisn.) Mez,Ocotea minarum (Nees & Mart.) Mez,Ocotea minarum (Nees & Mart.) Mez,Ocotea minarum (Nees & Mart.) Mez,Ocotea minarum (Nees & Mart.) Mez,Nectandra psammophila Nees & Mart.,Nectandra psammophila Nees & Mart.,Ocotea,Nectandra
221260,Phellopterus jonesii (J.M.Coult. & Rose) Rydb.,Rhysopterus plurijugus J.M.Coult. & Rose,Rhysopterus plurijugus J.M.Coult. & Rose,Rhysopterus plurijugus J.M.Coult. & Rose,Rhysopterus plurijugus J.M.Coult. & Rose,Cymopterus coulteri (M.E.Jones) Mathias,Cymopterus coulteri (M.E.Jones) Mathias,Rhysopterus,Cymopterus
221264,Rhysopterus jonesii J.M.Coult. & Rose,Rhysopterus plurijugus J.M.Coult. & Rose,Rhysopterus plurijugus J.M.Coult. & Rose,Rhysopterus plurijugus J.M.Coult. & Rose,Rhysopterus plurijugus J.M.Coult. & Rose,Cymopterus coulteri (M.E.Jones) Mathias,Cymopterus coulteri (M.E.Jones) Mathias,Rhysopterus,Cymopterus
232482,Viola tricolor var. polychroma (A.Kern.) Gams,Viola L.,Viola L.,Viola L.,,Viola tricolor subsp. subalpina Gaudin,Viola tricolor L.,,Viola
239394,Spergularia nobreana Samp.,Sagina hawaiensis Pax,Sagina hawaiensis Pax,Sagina hawaiensis Pax,Sagina hawaiensis Pax,Spergularia media subsp. media,Spergularia media (L.) C.Presl,Sagina,Spergularia
243222,Statice ciliata (Lange) Rothm.,Limonium durieui (Girard) Kuntze,Limonium durieui (Girard) Kuntze,Limonium durieui (Girard) Kuntze,Limonium durieui (Girard) Kuntze,Armeria ciliata (Lange) Nieto Fel.,Armeria ciliata (Lange) Nieto Fel.,Limonium,Armeria
272927,Aillya umbellata (de Vriese) de Vriese,Scaevola pulchella Carolin,Scaevola pulchella Carolin,Scaevola pulchella Carolin,Scaevola pulchella Carolin,Goodenia pulchella Benth.,Goodenia pulchella Benth.,Scaevola,Goodenia
274982,Stauracanthus genistoides f. spartioides (Webb) Samp.,Stauracanthus genistoides (Brot.) Samp.,Stauracanthus genistoides (Brot.) Samp.,Stauracanthus genistoides (Brot.) Samp.,Stauracanthus genistoides (Brot.) Samp.,Ulex minor Roth,Ulex minor Roth,Stauracanthus,Ulex
274984,Stauracanthus aphyllus f. spartioides (Webb) Samp.,Stauracanthus genistoides (Brot.) Samp.,Stauracanthus genistoides (Brot.) Samp.,Stauracanthus genistoides (Brot.) Samp.,Stauracanthus genistoides (Brot.) Samp.,Ulex minor Roth,Ulex minor Roth,Stauracanthus,Ulex
274986,Ulex genistoides f. spartioides (Webb) C.Vicioso,Stauracanthus genistoides (Brot.) Samp.,Stauracanthus genistoides (Brot.) Samp.,Stauracanthus genistoides (Brot.) Samp.,Stauracanthus genistoides (Brot.) Samp.,Ulex minor Roth,Ulex minor Roth,Stauracanthus,Ulex
274987,Ulex genistoides var. spartioides (Webb) C.Vicioso,Stauracanthus genistoides (Brot.) Samp.,Stauracanthus genistoides (Brot.) Samp.,Stauracanthus genistoides (Brot.) Samp.,Stauracanthus genistoides (Brot.) Samp.,Ulex minor Roth,Ulex minor Roth,Stauracanthus,Ulex
288933,Aniba megacarpa Hemsl.,Aniba canelilla (Kunth) Mez,Aniba canelilla (Kunth) Mez,Aniba canelilla (Kunth) Mez,Aniba canelilla (Kunth) Mez,Licaria cannella subsp. cannella,Licaria cannella (Meisn.) Kosterm.,Aniba,Licaria
320398,Lithocardium macranthum (Cham.) Kuntze,Cordia macrantha Chodat,Cordia macrantha Chodat,Cordia macrantha Chodat,Cordia macrantha Chodat,Varronia paucidentata (Fresen.) Friesen,Varronia paucidentata (Fresen.) Friesen,Cordia,Varronia
322750,Luffa cylindrica var. multiflora (Spreng.) Domin,Cucumis melo L.,Cucumis melo L.,Cucumis melo L.,Cucumis melo L.,Luffa aegyptiaca Mill.,Luffa aegyptiaca Mill.,Cucumis,Luffa
322958,Luffa racemosa Roxb.,Cucumis melo L.,Cucumis melo L.,Cucumis melo L.,Cucumis melo L.,Luffa aegyptiaca Mill.,Luffa aegyptiaca Mill.,Cucumis,Luffa
322971,Luffa arabum Steud.,Cucumis melo L.,Cucumis melo L.,Cucumis melo L.,Cucumis melo L.,Luffa aegyptiaca Mill.,Luffa aegyptiaca Mill.,Cucumis,Luffa
322973,Luffa clavata Roxb.,Cucumis melo L.,Cucumis melo L.,Cucumis melo L.,Cucumis melo L.,Luffa aegyptiaca Mill.,Luffa aegyptiaca Mill.,Cucumis,Luffa
322975,Luffa cordata Meisn. ex M.Roem.,Cucumis melo L.,Cucumis melo L.,Cucumis melo L.,Cucumis melo L.,Luffa aegyptiaca Mill.,Luffa aegyptiaca Mill.,Cucumis,Luffa
322978,Luffa hederacea Wall. ex G.Don,Cucumis melo L.,Cucumis melo L.,Cucumis melo L.,Cucumis melo L.,Luffa aegyptiaca Mill.,Luffa aegyptiaca Mill.,Cucumis,Luffa
322980,Luffa foetida Schrad.,Cucumis melo L.,Cucumis melo L.,Cucumis melo L.,Cucumis melo L.,Luffa aegyptiaca Mill.,Luffa aegyptiaca Mill.,Cucumis,Luffa
322982,Luffa jacquinii Schrad.,Cucumis melo L.,Cucumis melo L.,Cucumis melo L.,Cucumis melo L.,Luffa aegyptiaca Mill.,Luffa aegyptiaca Mill.,Cucumis,Luffa
322985,Luffa veitchii Naudin,Cucumis melo L.,Cucumis melo L.,Cucumis melo L.,Cucumis melo L.,Luffa aegyptiaca Mill.,Luffa aegyptiaca Mill.,Cucumis,Luffa
322987,Luffa vittata Zipp. ex Span.,Cucumis melo L.,Cucumis melo L.,Cucumis melo L.,Cucumis melo L.,Luffa aegyptiaca Mill.,Luffa aegyptiaca Mill.,Cucumis,Luffa
322988,Luffa striata Schrad.,Cucumis melo L.,Cucumis melo L.,Cucumis melo L.,Cucumis melo L.,Luffa aegyptiaca Mill.,Luffa aegyptiaca Mill.,Cucumis,Luffa
322990,Luffa satpatia Buch.-Ham. ex G.Don,Cucumis melo L.,Cucumis melo L.,Cucumis melo L.,Cucumis melo L.,Luffa aegyptiaca Mill.,Luffa aegyptiaca Mill.,Cucumis,Luffa
322992,Luffa parvala Buch.-Ham.,Cucumis melo L.,Cucumis melo L.,Cucumis melo L.,Cucumis melo L.,Luffa aegyptiaca Mill.,Luffa aegyptiaca Mill.,Cucumis,Luffa
322994,Luffa scabra Schumach. & Thonn.,Cucumis melo L.,Cucumis melo L.,Cucumis melo L.,Cucumis melo L.,Luffa aegyptiaca Mill.,Luffa aegyptiaca Mill.,Cucumis,Luffa
322996,Luffa luffa (L.) A.Lyons,Cucumis melo L.,Cucumis melo L.,Cucumis melo L.,Cucumis melo L.,Luffa aegyptiaca Mill.,Luffa aegyptiaca Mill.,Cucumis,Luffa
328295,Annona laevigata Mart.,Desmos chinensis Lour.,Desmos chinensis Lour.,Desmos chinensis Lour.,Desmos chinensis Lour.,Xylopia laevigata (Mart.) R.E.Fr.,Xylopia laevigata (Mart.) R.E.Fr.,Desmos,Xylopia
338633,Brassica purpurascens Banks & Sol.,Erucaria hispanica (L.) Druce,Erucaria hispanica (L.) Druce,Erucaria hispanica (L.) Druce,Erucaria hispanica (L.) Druce,Chorispora purpurascens (Banks & Sol.) Eig,Chorispora purpurascens (Banks & Sol.) Eig,Erucaria,Chorispora
391175,Lobivia chrysacantha (Backeb.) H.P.Kelsey & Dayton,Echinopsis jajoana (Backeb.) Blossf.,Echinopsis jajoana (Backeb.) Blossf.,Echinopsis jajoana (Backeb.) Blossf.,Echinopsis jajoana (Backeb.) Blossf.,Rebutia minuscula var. minuscula,Rebutia minuscula K.Schum.,Echinopsis,Rebutia
396079,Monochaetum canescens (Bonpl.) J.F.Macbr.,Monochaetum bonplandii (Kunth) Naudin,Monochaetum bonplandii (Kunth) Naudin,Monochaetum bonplandii (Kunth) Naudin,Monochaetum bonplandii (Kunth) Naudin,Brachyotum ledifolium (Desr.) Triana,Brachyotum ledifolium (Desr.) Triana,Monochaetum,Brachyotum
401599,Arctium intermedium Lange,Cousinia chlorocephala C.A.Mey. ex DC.,Cousinia chlorocephala C.A.Mey. ex DC.,Cousinia chlorocephala C.A.Mey. ex DC.,Cousinia chlorocephala C.A.Mey. ex DC.,Arctium nemorosum Lej.,Arctium nemorosum Lej.,Cousinia,Arctium
405950,Vernonia andohii C.D.Adams,Brenandendron donianum (DC.) H.Rob.,Brenandendron donianum (DC.) H.Rob.,Brenandendron donianum (DC.) H.Rob.,Brenandendron donianum (DC.) H.Rob.,Vernonia andohii C.D.Adams,Vernonia andohii C.D.Adams,Brenandendron,Vernonia
407975,Chondrilla sonchifolia (Willd.) Poir.,Lactuca indica L.,Lactuca indica L.,Lactuca indica L.,Lactuca indica L.,Launaea intybacea (Jacq.) Beauverd,Launaea intybacea (Jacq.) Beauverd,Lactuca,Launaea
419399,Gnaphalium petiolatum L.,Helichrysum petiolare Hilliard & B.L.Burtt,Helichrysum petiolare Hilliard & B.L.Burtt,Helichrysum petiolare Hilliard & B.L.Burtt,Helichrysum petiolare Hilliard & B.L.Burtt,Staehelina petiolata (L.) Hilliard & B.L.Burtt,Staehelina petiolata (L.) Hilliard & B.L.Burtt,Helichrysum,Staehelina
452344,Alsophila fragilis Zoll. & Moritzi,Thelypteris lineata (Blume) K.Iwats.,Thelypteris lineata (Blume) K.Iwats.,Thelypteris lineata (Blume) K.Iwats.,Thelypteris lineata (Blume) K.Iwats.,Arachniodes aristata (G.Forst.) Tindale,Arachniodes aristata (G.Forst.) Tindale,Thelypteris,Arachniodes
452349,Meniscium fragile Kunze,Thelypteris lineata (Blume) K.Iwats.,Thelypteris lineata (Blume) K.Iwats.,Thelypteris lineata (Blume) K.Iwats.,Thelypteris lineata (Blume) K.Iwats.,Arachniodes aristata (G.Forst.) Tindale,Arachniodes aristata (G.Forst.) Tindale,Thelypteris,Arachniodes
459959,Ulex parviflorus subsp. willkommii (Webb) Borja & al.,Ulex parviflorus subsp. parviflorus,Ulex parviflorus subsp. parviflorus,Ulex parviflorus subsp. parviflorus,Ulex parviflorus Pourr.,Stauracanthus genistoides (Brot.) Samp.,Stauracanthus genistoides (Brot.) Samp.,Ulex,Stauracanthus
459962,Ulex parviflorus var. willkommii (Webb) C.Vicioso,Ulex parviflorus subsp. parviflorus,Ulex parviflorus subsp. parviflorus,Ulex parviflorus subsp. parviflorus,Ulex parviflorus Pourr.,Stauracanthus genistoides (Brot.) Samp.,Stauracanthus genistoides (Brot.) Samp.,Ulex,Stauracanthus
459964,Ulex scaber var. willkommii (Webb) Samp.,Ulex parviflorus subsp. parviflorus,Ulex parviflorus subsp. parviflorus,Ulex parviflorus subsp. parviflorus,Ulex parviflorus Pourr.,Stauracanthus genistoides (Brot.) Samp.,Stauracanthus genistoides (Brot.) Samp.,Ulex,Stauracanthus
459968,Ulex willkommii Webb,Ulex parviflorus subsp. parviflorus,Ulex parviflorus subsp. parviflorus,Ulex parviflorus subsp. parviflorus,Ulex parviflorus Pourr.,Stauracanthus genistoides (Brot.) Samp.,Stauracanthus genistoides (Brot.) Samp.,Ulex,Stauracanthus
464504,Scorzonera tuberosa var. sericeolanata Bunge,"Gelasia tuberosa (Pall.) Zaika, Sukhor. & N.Kilian","Gelasia tuberosa (Pall.) Zaika, Sukhor. & N.Kilian","Gelasia tuberosa (Pall.) Zaika, Sukhor. & N.Kilian","Gelasia tuberosa (Pall.) Zaika, Sukhor. & N.Kilian",Scorzonera sericeolanata (Bunge) Krasch. & Lipsch.,Scorzonera sericeolanata (Bunge) Krasch. & Lipsch.,Gelasia,Scorzonera
469420,Moronobea grandiflora Choisy,Platonia insignis var. insignis,Platonia insignis var. insignis,Platonia insignis var. insignis,Platonia insignis Mart.,Moronobea coccinea Aubl.,Moronobea coccinea Aubl.,Platonia,Moronobea
469422,Moronobea montana Schltdl.,Platonia insignis var. insignis,Platonia insignis var. insignis,Platonia insignis var. insignis,Platonia insignis Mart.,Moronobea coccinea Aubl.,Moronobea coccinea Aubl.,Platonia,Moronobea
501233,Mimosa terminalis Vell.,Pseudalbizzia polycephala (Benth.) E.J.M.Koenen & Duno,Pseudalbizzia polycephala (Benth.) E.J.M.Koenen & Duno,Pseudalbizzia polycephala (Benth.) E.J.M.Koenen & Duno,Pseudalbizzia polycephala (Benth.) E.J.M.Koenen & Duno,"Hydrochorea pedicellaris (DC.) M.V.B.Soares, Iganci & M.P.Morim","Hydrochorea pedicellaris (DC.) M.V.B.Soares, Iganci & M.P.Morim",Pseudalbizzia,Hydrochorea
517578,Citharexylum flexuosum var. subglabrum Moldenke,Citharexylum flexuosum (Ruiz & Pav.) D.Don,Citharexylum flexuosum (Ruiz & Pav.) D.Don,Citharexylum flexuosum (Ruiz & Pav.) D.Don,Citharexylum flexuosum (Ruiz & Pav.) D.Don,Lycium americanum Jacq.,Lycium americanum Jacq.,Citharexylum,Lycium
542143,Leidesia capensis (L.f.) Müll.Arg.,Leidesia procumbens (L.) Prain,Leidesia procumbens (L.) Prain,Leidesia procumbens (L.) Prain,Leidesia procumbens (L.) Prain,Didymodoxa capensis (L.f.) Friis & Wilmot-Dear,Didymodoxa capensis (L.f.) Friis & Wilmot-Dear,Leidesia,Didymodoxa
542149,Mercurialis capensis (L.f.) Spreng. ex Sond.,Leidesia procumbens (L.) Prain,Leidesia procumbens (L.) Prain,Leidesia procumbens (L.) Prain,Leidesia procumbens (L.) Prain,Didymodoxa capensis (L.f.) Friis & Wilmot-Dear,Didymodoxa capensis (L.f.) Friis & Wilmot-Dear,Leidesia,Didymodoxa
542931,Andrachne cavaleriei H.Lév.,Leptopus chinensis (Bunge) Pojark.,Leptopus chinensis (Bunge) Pojark.,Leptopus chinensis (Bunge) Pojark.,Leptopus chinensis (Bunge) Pojark.,Lysimachia capillipes var. cavaleriei (H.Lév.) Hand.-Mazz.,Lysimachia capillipes Hemsl.,Leptopus,Lysimachia
564981,Sarcanthus ornithorrhynchus Rchb.f.,Robiquetia rosea (Lindl.) Garay,Robiquetia rosea (Lindl.) Garay,Robiquetia rosea (Lindl.) Garay,Robiquetia rosea (Lindl.) Garay,Cleisostoma discolor Lindl.,Cleisostoma discolor Lindl.,Robiquetia,Cleisostoma
564990,Cleisostoma ornithorrhynchum (Rchb.f.) Garay,Robiquetia rosea (Lindl.) Garay,Robiquetia rosea (Lindl.) Garay,Robiquetia rosea (Lindl.) Garay,Robiquetia rosea (Lindl.) Garay,Cleisostoma discolor Lindl.,Cleisostoma discolor Lindl.,Robiquetia,Cleisostoma
655162,Avena alpina Honck.,Deschampsia cespitosa subsp. cespitosa,Deschampsia cespitosa subsp. cespitosa,Deschampsia cespitosa subsp. cespitosa,Deschampsia cespitosa (L.) P.Beauv.,Helictochloa versicolor subsp. versicolor,Helictochloa versicolor (Vill.) Romero Zarco,Deschampsia,Helictochloa
681593,Lobivia pentlandii var. forbesii (A.Dietr.) Y.Itô ex Backeb.,Lobivia pentlandii (Hook.) Britton & Rose,Lobivia pentlandii (Hook.) Britton & Rose,Lobivia pentlandii (Hook.) Britton & Rose,Lobivia pentlandii (Hook.) Britton & Rose,Acanthocalycium rhodotrichum subsp. rhodotrichum,Acanthocalycium rhodotrichum (K.Schum.) Schlumpb.,Lobivia,Acanthocalycium
697039,Onosma incanescens DC.,Onosma rostellata Lehm.,Onosma rostellata Lehm.,Onosma rostellata Lehm.,Onosma rostellata Lehm.,Maharanga incanescens (DC.) L.Cecchi & Hilger,Maharanga incanescens (DC.) L.Cecchi & Hilger,Onosma,Maharanga
721348,Anacampseros caerulescens Timb.-Lagr.,Sedum caeruleum L.,Sedum caeruleum L.,Sedum caeruleum L.,Sedum caeruleum L.,Hylotelephium maximum subsp. maximum,Hylotelephium maximum (L.) Holub,Sedum,Hylotelephium
736056,Cinnamomum tomentosum D.Don,Phoebe cathia (D.Don) Kosterm.,Phoebe cathia (D.Don) Kosterm.,Phoebe cathia (D.Don) Kosterm.,Phoebe cathia (D.Don) Kosterm.,Machilus tomentosus (D.Don) M.Gangop.,Machilus tomentosus (D.Don) M.Gangop.,Phoebe,Machilus
737050,Pterocarpus cultratus Vell.,Pterocarpus rohrii Vahl,Pterocarpus rohrii Vahl,Pterocarpus rohrii Vahl,Pterocarpus rohrii Vahl,Lonchocarpus cultratus (Vell.) A.M.G.Azevedo & H.C.Lima,Lonchocarpus cultratus (Vell.) A.M.G.Azevedo & H.C.Lima,Pterocarpus,Lonchocarpus
745257,Papaver heterophyllum var. crassifolium (Benth.) Jeps.,Papaver heterophyllum (Benth.) Greene,Papaver heterophyllum (Benth.) Greene,Papaver heterophyllum (Benth.) Greene,Papaver heterophyllum (Benth.) Greene,Stylophorum diphyllum (Michx.) Nutt.,Stylophorum diphyllum (Michx.) Nutt.,Papaver,Stylophorum
754020,Acacia virchowiana Vatke & Hildebrandt,Senegalia senegal (L.) Britton,Senegalia senegal (L.) Britton,Senegalia senegal (L.) Britton,Senegalia senegal (L.) Britton,Vachellia oerfota var. oerfota,Vachellia oerfota (Forssk.) Kyal. & Boatwr.,Senegalia,Vachellia
754869,Asterocephalus tomentosus Spreng.,Succisa pratensis Moench,Succisa pratensis Moench,Succisa pratensis Moench,Succisa pratensis Moench,Scabiosa turolensis subsp. turolensis,Scabiosa turolensis Pau,Succisa,Scabiosa
768452,Aniba ovalifolia Mez,Aniba hypoglauca Sandwith,Aniba hypoglauca Sandwith,Aniba hypoglauca Sandwith,Aniba hypoglauca Sandwith,Ocotea cujumary Mart.,Ocotea cujumary Mart.,Aniba,Ocotea
780923,Derris robusta var. assamica Thoth.,Brachypterum robustum (Roxb. ex DC.) Dalzell & A.Gibson,Brachypterum robustum (Roxb. ex DC.) Dalzell & A.Gibson,Brachypterum robustum (Roxb. ex DC.) Dalzell & A.Gibson,Brachypterum robustum (Roxb. ex DC.) Dalzell & A.Gibson,Robinia pseudoacacia L.,Robinia pseudoacacia L.,Brachypterum,Robinia
791398,Halimium lepidotum proles multiflorum (Ziz) Samp.,Cistus halimifolius L.,Cistus halimifolius L.,Cistus halimifolius L.,Cistus halimifolius L.,Helianthemum nummularium subsp. nummularium,Helianthemum nummularium (L.) Mill.,Cistus,Helianthemum
803044,Desmodium parviflorum f. yunnanense Pamp.,Desmodiastrum racemosum (Benth.) A.Pramanik & Thoth.,Desmodiastrum racemosum (Benth.) A.Pramanik & Thoth.,Desmodiastrum racemosum (Benth.) A.Pramanik & Thoth.,Desmodiastrum racemosum (Benth.) A.Pramanik & Thoth.,Leptodesmia microphylla var. microphylla,Leptodesmia microphylla (Thunb.) H.Ohashi & K.Ohashi,Desmodiastrum,Leptodesmia
809451,Ocotea endlicheriopsis Mez,Endlicheria canescens Chanderbali,Endlicheria canescens Chanderbali,Endlicheria canescens Chanderbali,Endlicheria canescens Chanderbali,Ocotea endlicheriopsis Mez,Ocotea endlicheriopsis Mez,Endlicheria,Ocotea
809468,Endlicheria endlicheriopsis (Mez) Kosterm.,Endlicheria canescens Chanderbali,Endlicheria canescens Chanderbali,Endlicheria canescens Chanderbali,Endlicheria canescens Chanderbali,Ocotea endlicheriopsis Mez,Ocotea endlicheriopsis Mez,Endlicheria,Ocotea
815016,Acacia aegyptiaca Baill.,Faidherbia albida (Delile) A.Chev.,Faidherbia albida (Delile) A.Chev.,Faidherbia albida (Delile) A.Chev.,Faidherbia albida (Delile) A.Chev.,Vachellia nilotica subsp. nilotica,Vachellia nilotica (L.) P.J.H.Hurter & Mabb.,Faidherbia,Vachellia
828834,Pleurospermum lecomtianum H.Wolff,Hymenidium wilsonii (H.Boissieu) Pimenov & Kljuykov,Hymenidium wilsonii (H.Boissieu) Pimenov & Kljuykov,Hymenidium wilsonii (H.Boissieu) Pimenov & Kljuykov,Hymenidium wilsonii (H.Boissieu) Pimenov & Kljuykov,Pleurospermum lecomtianum H.Wolff,Pleurospermum lecomtianum H.Wolff,Hymenidium,Pleurospermum
829210,Ilex heterophylla G.Don,Ilex aquifolium L.,Ilex aquifolium L.,Ilex aquifolium L.,Ilex aquifolium L.,Osmanthus heterophyllus (G.Don) P.S.Green,Osmanthus heterophyllus (G.Don) P.S.Green,Ilex,Osmanthus
831337,Robinsonia melianthifolia Willd.,Quiina guianensis Aubl.,Quiina guianensis Aubl.,Quiina guianensis Aubl.,Quiina guianensis Aubl.,Touroulia guianensis Aubl.,Touroulia guianensis Aubl.,Quiina,Touroulia
836337,Connarus decumbens Thunb.,Leobordea polycephala (E.Mey.) B.-E.van Wyk & Boatwr.,Leobordea polycephala (E.Mey.) B.-E.van Wyk & Boatwr.,Leobordea polycephala (E.Mey.) B.-E.van Wyk & Boatwr.,Leobordea polycephala (E.Mey.) B.-E.van Wyk & Boatwr.,Lotononis pallens Benth.,Lotononis pallens Benth.,Leobordea,Lotononis
836419,Hermannia triphylla L.,Leobordea polycephala (E.Mey.) B.-E.van Wyk & Boatwr.,Leobordea polycephala (E.Mey.) B.-E.van Wyk & Boatwr.,Leobordea polycephala (E.Mey.) B.-E.van Wyk & Boatwr.,Leobordea polycephala (E.Mey.) B.-E.van Wyk & Boatwr.,Lotononis pallens Benth.,Lotononis pallens Benth.,Leobordea,Lotononis
837384,Acrodiclidium guianense Nees,Dicypellium caryophyllaceum (Mart.) Nees & Mart.,Dicypellium caryophyllaceum (Mart.) Nees & Mart.,Dicypellium caryophyllaceum (Mart.) Nees & Mart.,Dicypellium caryophyllaceum (Mart.) Nees & Mart.,Licaria polyphylla (Nees) Kosterm.,Licaria polyphylla (Nees) Kosterm.,Dicypellium,Licaria
837388,Acrodiclidium guianense var. oppositifolium Meisn.,Dicypellium caryophyllaceum (Mart.) Nees & Mart.,Dicypellium caryophyllaceum (Mart.) Nees & Mart.,Dicypellium caryophyllaceum (Mart.) Nees & Mart.,Dicypellium caryophyllaceum (Mart.) Nees & Mart.,Licaria chrysophylla (Meisn.) Kosterm.,Licaria chrysophylla (Meisn.) Kosterm.,Dicypellium,Licaria
837389,Nectandra caudata Nees & Mart. ex Meisn.,Dicypellium caryophyllaceum (Mart.) Nees & Mart.,Dicypellium caryophyllaceum (Mart.) Nees & Mart.,Dicypellium caryophyllaceum (Mart.) Nees & Mart.,Dicypellium caryophyllaceum (Mart.) Nees & Mart.,Licaria polyphylla (Nees) Kosterm.,Licaria polyphylla (Nees) Kosterm.,Dicypellium,Licaria
837390,Acrodiclidium guianense var. reticulatum Meisn.,Dicypellium caryophyllaceum (Mart.) Nees & Mart.,Dicypellium caryophyllaceum (Mart.) Nees & Mart.,Dicypellium caryophyllaceum (Mart.) Nees & Mart.,Dicypellium caryophyllaceum (Mart.) Nees & Mart.,Licaria polyphylla (Nees) Kosterm.,Licaria polyphylla (Nees) Kosterm.,Dicypellium,Licaria
838729,Lobivia pectinifera var. haematantha (Backeb.) Wessner,Reicheocactus famatinensis (Speg.) Schlumpb.,Reicheocactus famatinensis (Speg.) Schlumpb.,Reicheocactus famatinensis (Speg.) Schlumpb.,Reicheocactus famatinensis (Speg.) Schlumpb.,Echinopsis densispina Werderm.,Echinopsis densispina Werderm.,Reicheocactus,Echinopsis
838731,Lobivia pectinifera var. sufflava Wessner,Reicheocactus famatinensis (Speg.) Schlumpb.,Reicheocactus famatinensis (Speg.) Schlumpb.,Reicheocactus famatinensis (Speg.) Schlumpb.,Reicheocactus famatinensis (Speg.) Schlumpb.,Echinopsis densispina Werderm.,Echinopsis densispina Werderm.,Reicheocactus,Echinopsis
838732,Lobivia pectinifera var. subcarnea Wessner,Reicheocactus famatinensis (Speg.) Schlumpb.,Reicheocactus famatinensis (Speg.) Schlumpb.,Reicheocactus famatinensis (Speg.) Schlumpb.,Reicheocactus famatinensis (Speg.) Schlumpb.,Echinopsis densispina Werderm.,Echinopsis densispina Werderm.,Reicheocactus,Echinopsis
838733,Lobivia pectinifera var. eburnea Wessner,Reicheocactus famatinensis (Speg.) Schlumpb.,Reicheocactus famatinensis (Speg.) Schlumpb.,Reicheocactus famatinensis (Speg.) Schlumpb.,Reicheocactus famatinensis (Speg.) Schlumpb.,Echinopsis densispina Werderm.,Echinopsis densispina Werderm.,Reicheocactus,Echinopsis
838734,Lobivia famatinensis var. citriflora (Wessner) Krainz,Reicheocactus famatinensis (Speg.) Schlumpb.,Reicheocactus famatinensis (Speg.) Schlumpb.,Reicheocactus famatinensis (Speg.) Schlumpb.,Reicheocactus famatinensis (Speg.) Schlumpb.,Echinopsis densispina Werderm.,Echinopsis densispina Werderm.,Reicheocactus,Echinopsis
838736,Echinopsis densispina f. subcarnea (Wessner) Buining,Reicheocactus famatinensis (Speg.) Schlumpb.,Reicheocactus famatinensis (Speg.) Schlumpb.,Reicheocactus famatinensis (Speg.) Schlumpb.,Reicheocactus famatinensis (Speg.) Schlumpb.,Echinopsis densispina Werderm.,Echinopsis densispina Werderm.,Reicheocactus,Echinopsis
838738,Echinopsis densispina f. cinnabarina (Backeb. ex Wessner) Buining,Reicheocactus famatinensis (Speg.) Schlumpb.,Reicheocactus famatinensis (Speg.) Schlumpb.,Reicheocactus famatinensis (Speg.) Schlumpb.,Reicheocactus famatinensis (Speg.) Schlumpb.,Echinopsis densispina Werderm.,Echinopsis densispina Werderm.,Reicheocactus,Echinopsis
838739,Lobivia famatinensis var. subcarnea (Wessner) Krainz,Reicheocactus famatinensis (Speg.) Schlumpb.,Reicheocactus famatinensis (Speg.) Schlumpb.,Reicheocactus famatinensis (Speg.) Schlumpb.,Reicheocactus famatinensis (Speg.) Schlumpb.,Echinopsis densispina Werderm.,Echinopsis densispina Werderm.,Reicheocactus,Echinopsis
838740,Lobivia famatinensis var. haematantha Backeb.,Reicheocactus famatinensis (Speg.) Schlumpb.,Reicheocactus famatinensis (Speg.) Schlumpb.,Reicheocactus famatinensis (Speg.) Schlumpb.,Reicheocactus famatinensis (Speg.) Schlumpb.,Echinopsis densispina Werderm.,Echinopsis densispina Werderm.,Reicheocactus,Echinopsis
838743,Lobivia pectinifera var. citriflora Wessner,Reicheocactus famatinensis (Speg.) Schlumpb.,Reicheocactus famatinensis (Speg.) Schlumpb.,Reicheocactus famatinensis (Speg.) Schlumpb.,Reicheocactus famatinensis (Speg.) Schlumpb.,Echinopsis densispina Werderm.,Echinopsis densispina Werderm.,Reicheocactus,Echinopsis
838744,Lobivia pectinifera var. cinnabarina Backeb. ex Wessner,Reicheocactus famatinensis (Speg.) Schlumpb.,Reicheocactus famatinensis (Speg.) Schlumpb.,Reicheocactus famatinensis (Speg.) Schlumpb.,Reicheocactus famatinensis (Speg.) Schlumpb.,Echinopsis densispina Werderm.,Echinopsis densispina Werderm.,Reicheocactus,Echinopsis
838745,Lobivia pectinifera var. aurantiaca Wessner,Reicheocactus famatinensis (Speg.) Schlumpb.,Reicheocactus famatinensis (Speg.) Schlumpb.,Reicheocactus famatinensis (Speg.) Schlumpb.,Reicheocactus famatinensis (Speg.) Schlumpb.,Echinopsis densispina Werderm.,Echinopsis densispina Werderm.,Reicheocactus,Echinopsis
871738,Centaurea carthamoides Chevall.,Centaurea albonitens Turrill,Centaurea albonitens Turrill,Centaurea albonitens Turrill,Centaurea albonitens Turrill,Phonus lanatus (L.) Hill,Phonus lanatus (L.) Hill,Centaurea,Phonus
884404,Senecio depilis Phil.,Dendrophorbium americanum (L.f.) C.Jeffrey,Dendrophorbium americanum (L.f.) C.Jeffrey,Dendrophorbium americanum (L.f.) C.Jeffrey,Dendrophorbium americanum (L.f.) C.Jeffrey,Acrisione denticulata var. denticulata,Acrisione denticulata (Hook. & Arn.) B.Nord.,Dendrophorbium,Acrisione
886961,Gnaphalium dealbatum var. luteofuscum (Webb) Lobin,Vellereophyton dealbatum (Thunb.) Hilliard & B.L.Burtt,Vellereophyton dealbatum (Thunb.) Hilliard & B.L.Burtt,Vellereophyton dealbatum (Thunb.) Hilliard & B.L.Burtt,Vellereophyton dealbatum (Thunb.) Hilliard & B.L.Burtt,Pseudognaphalium luteoalbum (L.) Hilliard & B.L.Burtt,Pseudognaphalium luteoalbum (L.) Hilliard & B.L.Burtt,Vellereophyton,Pseudognaphalium
886962,Gnaphalium luteofuscum Webb,Vellereophyton dealbatum (Thunb.) Hilliard & B.L.Burtt,Vellereophyton dealbatum (Thunb.) Hilliard & B.L.Burtt,Vellereophyton dealbatum (Thunb.) Hilliard & B.L.Burtt,Vellereophyton dealbatum (Thunb.) Hilliard & B.L.Burtt,Pseudognaphalium luteoalbum (L.) Hilliard & B.L.Burtt,Pseudognaphalium luteoalbum (L.) Hilliard & B.L.Burtt,Vellereophyton,Pseudognaphalium
901211,Eupatorium decipiens Hook. & Arn.,Ophryosporus triangularis Meyen,Ophryosporus triangularis Meyen,Ophryosporus triangularis Meyen,Ophryosporus triangularis Meyen,Heterocondylus decipiens (Hook. & Arn.) R.M.King & H.Rob.,Heterocondylus decipiens (Hook. & Arn.) R.M.King & H.Rob.,Ophryosporus,Heterocondylus
912988,Stenochlaena leptocarpa (Fée) Underw.,Lomariopsis spectabilis Mett.,Lomariopsis spectabilis Mett.,Lomariopsis spectabilis Mett.,Lomariopsis spectabilis Mett.,Teratophyllum leptocarpum (Fée) Holttum,Teratophyllum leptocarpum (Fée) Holttum,Lomariopsis,Teratophyllum
915689,Cyathea remotifolia Bonap.,Alsophila simulans Baker,Alsophila simulans Baker,Alsophila simulans Baker,Alsophila simulans Baker,Cyathea remotifolia Bonap.,Cyathea remotifolia Bonap.,Alsophila,Cyathea
931174,Cytisus supinus var. gallicus (A.Kern. ex Willk. & Lange) Briq.,Chamaecytisus supinus subsp. supinus,Chamaecytisus supinus subsp. supinus,Chamaecytisus supinus subsp. supinus,Chamaecytisus supinus (L.) Link,Cytisus lotoides Pourr.,Cytisus lotoides Pourr.,Chamaecytisus,Cytisus
931190,Cytisus lotoides Pourr.,Chamaecytisus supinus subsp. supinus,Chamaecytisus supinus subsp. supinus,Chamaecytisus supinus subsp. supinus,Chamaecytisus supinus (L.) Link,Cytisus lotoides Pourr.,Cytisus lotoides Pourr.,Chamaecytisus,Cytisus
931203,Chamaecytisus supinus var. gallicus (A.Kern. ex Willk. & Lange) C.Vicioso,Chamaecytisus supinus subsp. supinus,Chamaecytisus supinus subsp. supinus,Chamaecytisus supinus subsp. supinus,Chamaecytisus supinus (L.) Link,Cytisus lotoides Pourr.,Cytisus lotoides Pourr.,Chamaecytisus,Cytisus
933274,Camphorosma acuta L.,Nanophyton erinaceum subsp. erinaceum,Nanophyton erinaceum subsp. erinaceum,Nanophyton erinaceum subsp. erinaceum,Nanophyton erinaceum (Pall.) Bunge,Polycnemum majus A.Braun ex Bogenh.,Polycnemum majus A.Braun ex Bogenh.,Nanophyton,Polycnemum
934438,Sedum griffithii C.B.Clarke,Rosularia adenotricha subsp. adenotricha,Rosularia adenotricha subsp. adenotricha,Rosularia adenotricha subsp. adenotricha,Rosularia adenotricha (Wall. ex Edgew.) C.-A.Jansson,Sedum griffithii C.B.Clarke,Sedum griffithii C.B.Clarke,Rosularia,Sedum
938523,Olmedia grandifolia Trécul,Maquira guianensis subsp. guianensis,Maquira guianensis subsp. guianensis,Maquira guianensis subsp. guianensis,Maquira guianensis Aubl.,Perebea guianensis subsp. guianensis,Perebea guianensis Aubl.,Maquira,Perebea
953637,Ilex ligustrina var. minutiflora (A.Rich.) Loes.,Ilex vomitoria subsp. vomitoria,Ilex vomitoria subsp. vomitoria,Ilex vomitoria subsp. vomitoria,Ilex vomitoria Aiton,Banara minutiflora (A.Rich.) Sleumer,Banara minutiflora (A.Rich.) Sleumer,Ilex,Banara
954351,Carduus cynaroides Lam.,Cynara cardunculus subsp. cardunculus,Cynara cardunculus subsp. cardunculus,Cynara cardunculus subsp. cardunculus,Cynara cardunculus L.,Lamyropsis cynaroides (Lam.) Dittrich,Lamyropsis cynaroides (Lam.) Dittrich,Cynara,Lamyropsis
954353,Chamaepeuce cynaroides (Lam.) DC.,Cynara cardunculus subsp. cardunculus,Cynara cardunculus subsp. cardunculus,Cynara cardunculus subsp. cardunculus,Cynara cardunculus L.,Lamyropsis cynaroides (Lam.) Dittrich,Lamyropsis cynaroides (Lam.) Dittrich,Cynara,Lamyropsis
954355,Carduus cynara E.H.L.Krause,Cynara cardunculus subsp. cardunculus,Cynara cardunculus subsp. cardunculus,Cynara cardunculus subsp. cardunculus,Cynara cardunculus L.,Lamyropsis cynaroides (Lam.) Dittrich,Lamyropsis cynaroides (Lam.) Dittrich,Cynara,Lamyropsis
1144943,Listrostachys pescatoriana (Lindl.) S.Moore,Oeoniella polystachys (Thouars) Schltr.,Oeoniella polystachys (Thouars) Schltr.,Oeoniella polystachys (Thouars) Schltr.,Oeoniella polystachys (Thouars) Schltr.,Listrostachys pertusa (Lindl.) Rchb.f.,Listrostachys pertusa (Lindl.) Rchb.f.,Oeoniella,Listrostachys
1171505,Arequipa clavata (Söhrens ex K.Schum.) Borg,Oreocereus leucotrichus (Phil.) Wagenkn.,Oreocereus leucotrichus (Phil.) Wagenkn.,Oreocereus leucotrichus (Phil.) Wagenkn.,Oreocereus leucotrichus (Phil.) Wagenkn.,Eriosyce clavata (Söhrens ex K.Schum.) Helmut Walter,Eriosyce clavata (Söhrens ex K.Schum.) Helmut Walter,Oreocereus,Eriosyce
1177804,Eleiotis monophylla var. hebecarpa DC.,Psoralea monophylla (L.) C.H.Stirt.,Psoralea monophylla (L.) C.H.Stirt.,Psoralea monophylla (L.) C.H.Stirt.,Psoralea monophylla (L.) C.H.Stirt.,Eleiotis sororia (L.) DC.,Eleiotis sororia (L.) DC.,Psoralea,Eleiotis
1177914,Dendrophthoe heyneanus Blume,Psittacanthus cucullaris (Lam.) G.Don,Psittacanthus cucullaris (Lam.) G.Don,Psittacanthus cucullaris (Lam.) G.Don,Psittacanthus cucullaris (Lam.) G.Don,Taxillus heyneanus (Schult. & Schult.f.) Danser,Taxillus heyneanus (Schult. & Schult.f.) Danser,Psittacanthus,Taxillus
1183808,Brassica nigra var. laevigata (DC.) Alef.,Brassica carinata A.Braun,Brassica carinata A.Braun,Brassica carinata A.Braun,Brassica carinata A.Braun,Erucastrum strigosum (Thunb.) O.E.Schulz,Erucastrum strigosum (Thunb.) O.E.Schulz,Brassica,Erucastrum
1198436,Arctium majus subsp. intermedium (Lange) Nyman,Cousinia chlorocephala C.A.Mey. ex DC.,Cousinia chlorocephala C.A.Mey. ex DC.,Cousinia chlorocephala C.A.Mey. ex DC.,Cousinia chlorocephala C.A.Mey. ex DC.,Arctium nemorosum Lej.,Arctium nemorosum Lej.,Cousinia,Arctium
1198437,Lappa intermedium (Lange) Lange,Cousinia chlorocephala C.A.Mey. ex DC.,Cousinia chlorocephala C.A.Mey. ex DC.,Cousinia chlorocephala C.A.Mey. ex DC.,Cousinia chlorocephala C.A.Mey. ex DC.,Arctium nemorosum Lej.,Arctium nemorosum Lej.,Cousinia,Arctium
1213221,Feuilleea terminalis Kuntze,Pseudalbizzia polycephala (Benth.) E.J.M.Koenen & Duno,Pseudalbizzia polycephala (Benth.) E.J.M.Koenen & Duno,Pseudalbizzia polycephala (Benth.) E.J.M.Koenen & Duno,Pseudalbizzia polycephala (Benth.) E.J.M.Koenen & Duno,"Hydrochorea pedicellaris (DC.) M.V.B.Soares, Iganci & M.P.Morim","Hydrochorea pedicellaris (DC.) M.V.B.Soares, Iganci & M.P.Morim",Pseudalbizzia,Hydrochorea
1273331,Chlorophora reticulata (Chodat) Herzog,Maclura tinctoria (L.) D.Don ex G.Don,Maclura tinctoria (L.) D.Don ex G.Don,Maclura tinctoria (L.) D.Don ex G.Don,Maclura tinctoria (L.) D.Don ex G.Don,Sorocea sprucei subsp. saxicola (Hassl.) C.C.Berg,Sorocea sprucei (Baill.) J.F.Macbr.,Maclura,Sorocea
1297944,Calophanes depressus (L.f.) T.Anderson,Hygrophila erecta (Burm.f.) Hochr.,Hygrophila erecta (Burm.f.) Hochr.,Hygrophila erecta (Burm.f.) Hochr.,Hygrophila erecta (Burm.f.) Hochr.,Aptosimum procumbens (Lehm.) Burch. ex Steud.,Aptosimum procumbens (Lehm.) Burch. ex Steud.,Hygrophila,Aptosimum
1298504,Robinsonia guianensis (Aubl.) J.F.Gmel.,Quiina guianensis Aubl.,Quiina guianensis Aubl.,Quiina guianensis Aubl.,Quiina guianensis Aubl.,Touroulia guianensis Aubl.,Touroulia guianensis Aubl.,Quiina,Touroulia
1300321,Echinopsis dobeana (Dölz) J.G.Lamb.,Leucostele deserticola (Werderm.) Schlumpb.,Leucostele deserticola (Werderm.) Schlumpb.,Leucostele deserticola (Werderm.) Schlumpb.,Leucostele deserticola (Werderm.) Schlumpb.,Echinopsis aurea subsp. aurea,Echinopsis aurea Britton & Rose,Leucostele,Echinopsis
1300461,Echinopsis densispina f. sufflava (Wessner) Buining,Reicheocactus famatinensis (Speg.) Schlumpb.,Reicheocactus famatinensis (Speg.) Schlumpb.,Reicheocactus famatinensis (Speg.) Schlumpb.,Reicheocactus famatinensis (Speg.) Schlumpb.,Echinopsis densispina Werderm.,Echinopsis densispina Werderm.,Reicheocactus,Echinopsis
1300462,Echinopsis densispina f. aurantiaca (Wessner) Buining,Reicheocactus famatinensis (Speg.) Schlumpb.,Reicheocactus famatinensis (Speg.) Schlumpb.,Reicheocactus famatinensis (Speg.) Schlumpb.,Reicheocactus famatinensis (Speg.) Schlumpb.,Echinopsis densispina Werderm.,Echinopsis densispina Werderm.,Reicheocactus,Echinopsis
1300463,Lobivia famatinensis var. sufflava (Wessner) Krainz,Reicheocactus famatinensis (Speg.) Schlumpb.,Reicheocactus famatinensis (Speg.) Schlumpb.,Reicheocactus famatinensis (Speg.) Schlumpb.,Reicheocactus famatinensis (Speg.) Schlumpb.,Echinopsis densispina Werderm.,Echinopsis densispina Werderm.,Reicheocactus,Echinopsis
1300464,Echinopsis densispina f. eburnea (Wessner) Buining,Reicheocactus famatinensis (Speg.) Schlumpb.,Reicheocactus famatinensis (Speg.) Schlumpb.,Reicheocactus famatinensis (Speg.) Schlumpb.,Reicheocactus famatinensis (Speg.) Schlumpb.,Echinopsis densispina Werderm.,Echinopsis densispina Werderm.,Reicheocactus,Echinopsis
1300465,Lobivia famatinensis var. eburnea (Wessner) Krainz,Reicheocactus famatinensis (Speg.) Schlumpb.,Reicheocactus famatinensis (Speg.) Schlumpb.,Reicheocactus famatinensis (Speg.) Schlumpb.,Reicheocactus famatinensis (Speg.) Schlumpb.,Echinopsis densispina Werderm.,Echinopsis densispina Werderm.,Reicheocactus,Echinopsis
1310472,Hieracium anchusoides subsp. sertiflorum (Lam.) Zahn,Pilosella anchusoides Arv.-Touv.,Pilosella anchusoides Arv.-Touv.,Pilosella anchusoides Arv.-Touv.,Pilosella anchusoides Arv.-Touv.,Crepis praemorsa subsp. praemorsa,Crepis praemorsa (L.) Tausch,Pilosella,Crepis
1322781,Maquira grandifolia (Trécul) Baill. ex Benth. & Hook.f.,Maquira guianensis subsp. guianensis,Maquira guianensis subsp. guianensis,Maquira guianensis subsp. guianensis,Maquira guianensis Aubl.,Perebea guianensis subsp. guianensis,Perebea guianensis Aubl.,Maquira,Perebea
