,taxon_name_w_authors,v10_11_12_accepted_name_w_author,v13_taxon_name_w_authors,v13_chained_accepted_name_w_author,v13_chained_accepted_species_w_author,v13_direct_accepted_name_w_author,v13_direct_accepted_species_w_author,v13_chained_accepted_genus,v13_direct_accepted_genus
31996,Eugenia doniana O.Berg,Eugenia stictopetala DC.,Eugenia stictopetala DC.,Eugenia stictopetala DC.,Eugenia stictopetala DC.,Myrcia doniana O.Berg,Myrcia doniana O.Berg,Eugenia,Myrcia
55856,Dipladenia tetradenia Rusby,Odontadenia lutea (Vell.) Markgr.,Odontadenia lutea (Vell.) Markgr.,Odontadenia lutea (Vell.) Markgr.,Odontadenia lutea (Vell.) Markgr.,Mandevilla alexicaca (Mart. ex Stadelm.) J.F.Morales & A.Fuentes,Mandevilla alexicaca (Mart. ex Stadelm.) J.F.Morales & A.Fuentes,Odontadenia,Mandevilla
55964,Angraecum pescatorianum Lindl.,Oeoniella polystachys (Thouars) Schltr.,Oeoniella polystachys (Thouars) Schltr.,Oeoniella polystachys (Thouars) Schltr.,Oeoniella polystachys (Thouars) Schltr.,Listrostachys pertusa (Lindl.) Rchb.f.,Listrostachys pertusa (Lindl.) Rchb.f.,Oeoniella,Listrostachys
77154,Eugenia tenuiramis Miq.,Syzygium zeylanicum (L.) DC.,Syzygium zeylanicum (L.) DC.,Syzygium zeylanicum (L.) DC.,Syzygium zeylanicum (L.) DC.,Eugenia egensis DC.,Eugenia egensis DC.,Syzygium,Eugenia
77160,Eugenia egensis var. tenuiramis (Miq.) O.Berg,Syzygium zeylanicum (L.) DC.,Syzygium zeylanicum (L.) DC.,Syzygium zeylanicum (L.) DC.,Syzygium zeylanicum (L.) DC.,Eugenia egensis DC.,Eugenia egensis DC.,Syzygium,Eugenia
82200,Metrosideros pictipetala Blanco,Xanthostemon verus (Roxb.) Peter G.Wilson,Xanthostemon verus (Roxb.) Peter G.Wilson,Xanthostemon verus (Roxb.) Peter G.Wilson,Xanthostemon verus (Roxb.) Peter G.Wilson,Decaspermum parviflorum subsp. parviflorum,Decaspermum parviflorum (Lam.) A.J.Scott,Xanthostemon,Decaspermum
83007,Restrepia liebmanniana Kraenzl.,Acianthera strupifolia (Lindl.) Pridgeon & M.W.Chase,Acianthera strupifolia (Lindl.) Pridgeon & M.W.Chase,Acianthera strupifolia (Lindl.) Pridgeon & M.W.Chase,Acianthera strupifolia (Lindl.) Pridgeon & M.W.Chase,Andreettaea marginata (Rich.) A.Doucette,Andreettaea marginata (Rich.) A.Doucette,Acianthera,Andreettaea
95285,Nidularium lindenii Regel,Hohenbergia augusta (Vell.) É.Morren,Hohenbergia augusta (Vell.) É.Morren,Hohenbergia augusta (Vell.) É.Morren,Hohenbergia augusta (Vell.) É.Morren,Edmundoa lindenii (Regel) Leme,Edmundoa lindenii (Regel) Leme,Hohenbergia,Edmundoa
119404,Ixia striata Vahl,Ixia latifolia D.Delaroche,Ixia latifolia D.Delaroche,Ixia latifolia D.Delaroche,Ixia latifolia D.Delaroche,Tritonia gladiolaris (Lam.) Goldblatt & J.C.Manning,Tritonia gladiolaris (Lam.) Goldblatt & J.C.Manning,Ixia,Tritonia
122324,Retzia campanuloides (L.f.) Spreng.,Retzia capensis Thunb.,Retzia capensis Thunb.,Retzia capensis Thunb.,Retzia capensis Thunb.,Prismatocarpus campanuloides (L.f.) Sond.,Prismatocarpus campanuloides (L.f.) Sond.,Retzia,Prismatocarpus
122326,Retzia roelloides (L.f.) Spreng.,Retzia capensis Thunb.,Retzia capensis Thunb.,Retzia capensis Thunb.,Retzia capensis Thunb.,Prismatocarpus pedunculatus (P.J.Bergius) A.DC.,Prismatocarpus pedunculatus (P.J.Bergius) A.DC.,Retzia,Prismatocarpus
123472,Zingiber truncatum Stokes,Zingiber zerumbet subsp. zerumbet,Zingiber zerumbet subsp. zerumbet,Zingiber zerumbet subsp. zerumbet,Zingiber zerumbet (L.) Roscoe ex Sm.,Curcuma zedoaria (Christm.) Roscoe,Curcuma zedoaria (Christm.) Roscoe,Zingiber,Curcuma
159316,Eria merrillii Ames,Pinalia ovata (Lindl.) W.Suarez & Cootes,Pinalia ovata (Lindl.) W.Suarez & Cootes,Pinalia ovata (Lindl.) W.Suarez & Cootes,Pinalia ovata (Lindl.) W.Suarez & Cootes,Eria cochleata Lindl.,Eria cochleata Lindl.,Pinalia,Eria
168710,Triticum glaucum Honck.,Thinopyrum intermedium subsp. intermedium,Thinopyrum intermedium subsp. intermedium,Thinopyrum intermedium subsp. intermedium,Thinopyrum intermedium (Host) Barkworth & D.R.Dewey,Triticum turgidum subsp. polonicum (L.) Thell.,Triticum turgidum L.,Thinopyrum,Triticum
171855,Paepalanthus saxicola var. pilosus Moldenke,Syngonanthus saxicola (Körn.) Trovó & Stützel,Syngonanthus saxicola (Körn.) Trovó & Stützel,Syngonanthus saxicola (Körn.) Trovó & Stützel,Syngonanthus saxicola (Körn.) Trovó & Stützel,Paepalanthus amphibius Trovó,Paepalanthus amphibius Trovó,Syngonanthus,Paepalanthus
173553,Hordeum sieberianum Besser,Triticum aestivum subsp. compactum (Host) H.Messik.,Triticum aestivum subsp. compactum (Host) H.Messik.,Triticum aestivum subsp. compactum (Host) H.Messik.,Triticum aestivum L.,Hordeum bulbosum L.,Hordeum bulbosum L.,Triticum,Hordeum
182582,Festuca yvesii subsp. bellottii (Auquier & Kerguélen) Kerguélen,"Lolium font-queri (St.-Yves) Banfi, Galasso, Foggi, Kopecký & Ardenghi","Lolium font-queri (St.-Yves) Banfi, Galasso, Foggi, Kopecký & Ardenghi","Lolium font-queri (St.-Yves) Banfi, Galasso, Foggi, Kopecký & Ardenghi","Lolium font-queri (St.-Yves) Banfi, Galasso, Foggi, Kopecký & Ardenghi",Festuca billyi Kerguélen & Plonka,Festuca billyi Kerguélen & Plonka,Lolium,Festuca
182584,Festuca durissima subsp. bellottii Auquier & Kerguélen,"Lolium font-queri (St.-Yves) Banfi, Galasso, Foggi, Kopecký & Ardenghi","Lolium font-queri (St.-Yves) Banfi, Galasso, Foggi, Kopecký & Ardenghi","Lolium font-queri (St.-Yves) Banfi, Galasso, Foggi, Kopecký & Ardenghi","Lolium font-queri (St.-Yves) Banfi, Galasso, Foggi, Kopecký & Ardenghi",Festuca billyi Kerguélen & Plonka,Festuca billyi Kerguélen & Plonka,Lolium,Festuca
183781,Stachytarpheta fiebrigii Moldenke,Citharexylum amabile (Bocq.) Christenh. & Byng,Citharexylum amabile (Bocq.) Christenh. & Byng,Citharexylum amabile (Bocq.) Christenh. & Byng,Citharexylum amabile (Bocq.) Christenh. & Byng,Stachytarpheta fiebrigii Moldenke,Stachytarpheta fiebrigii Moldenke,Citharexylum,Stachytarpheta
193218,Lobivia acanthoplegma var. oligotricha (Cárdenas) Gertel & R.Wahl,Lobivia cinnabarina (Hook.) Britton & Rose,Lobivia cinnabarina (Hook.) Britton & Rose,Lobivia cinnabarina (Hook.) Britton & Rose,Lobivia cinnabarina (Hook.) Britton & Rose,Echinopsis oligotricha (Cárdenas) M.Lowry,Echinopsis oligotricha (Cárdenas) M.Lowry,Lobivia,Echinopsis
207578,Ocotea minarum var. canescens (Meisn.) Mez,Ocotea minarum (Nees & Mart.) Mez,Ocotea minarum (Nees & Mart.) Mez,Ocotea minarum (Nees & Mart.) Mez,Ocotea minarum (Nees & Mart.) Mez,Nectandra psammophila Nees & Mart.,Nectandra psammophila Nees & Mart.,Ocotea,Nectandra
212639,Turraea thouarsiana (Baill.) Cavaco & Keraudren,Olax psittacorum (Lam.) Vahl,Olax psittacorum (Lam.) Vahl,Olax psittacorum (Lam.) Vahl,Olax psittacorum (Lam.) Vahl,Turraea thouarsiana (Baill.) Cavaco & Keraudren,Turraea thouarsiana (Baill.) Cavaco & Keraudren,Olax,Turraea
212642,Olax thouarsiana Baill.,Olax psittacorum (Lam.) Vahl,Olax psittacorum (Lam.) Vahl,Olax psittacorum (Lam.) Vahl,Olax psittacorum (Lam.) Vahl,Turraea thouarsiana (Baill.) Cavaco & Keraudren,Turraea thouarsiana (Baill.) Cavaco & Keraudren,Olax,Turraea
218924,Phellopterus jonesii (J.M.Coult. & Rose) Rydb.,Rhysopterus plurijugus J.M.Coult. & Rose,Rhysopterus plurijugus J.M.Coult. & Rose,Rhysopterus plurijugus J.M.Coult. & Rose,Rhysopterus plurijugus J.M.Coult. & Rose,Cymopterus coulteri (M.E.Jones) Mathias,Cymopterus coulteri (M.E.Jones) Mathias,Rhysopterus,Cymopterus
218927,Rhysopterus jonesii J.M.Coult. & Rose,Rhysopterus plurijugus J.M.Coult. & Rose,Rhysopterus plurijugus J.M.Coult. & Rose,Rhysopterus plurijugus J.M.Coult. & Rose,Rhysopterus plurijugus J.M.Coult. & Rose,Cymopterus coulteri (M.E.Jones) Mathias,Cymopterus coulteri (M.E.Jones) Mathias,Rhysopterus,Cymopterus
220900,Helianthemum racemosum (L.) Pau,Tuberaria guttata (L.) Fourr.,Tuberaria guttata (L.) Fourr.,Tuberaria guttata (L.) Fourr.,Tuberaria guttata (L.) Fourr.,Helianthemum violaceum subsp. violaceum,Helianthemum violaceum (Cav.) Pers.,Tuberaria,Helianthemum
220931,Helianthemum variabile Spach,Tuberaria guttata (L.) Fourr.,Tuberaria guttata (L.) Fourr.,Tuberaria guttata (L.) Fourr.,Tuberaria guttata (L.) Fourr.,Helianthemum apenninum (L.) Mill.,Helianthemum apenninum (L.) Mill.,Tuberaria,Helianthemum
229967,Viola tricolor var. polychroma (A.Kern.) Gams,Viola L.,Viola L.,Viola L.,,Viola tricolor subsp. subalpina Gaudin,Viola tricolor L.,,Viola
235146,Alsine rotundifolia (Poir.) Macloskie,Stellaria debilis d'Urv.,Stellaria debilis d'Urv.,Stellaria debilis d'Urv.,Stellaria debilis d'Urv.,Drymaria cordata (L.) Willd. ex Schult.,Drymaria cordata (L.) Willd. ex Schult.,Stellaria,Drymaria
235147,Stellaria rotundifolia Poir.,Stellaria debilis d'Urv.,Stellaria debilis d'Urv.,Stellaria debilis d'Urv.,Stellaria debilis d'Urv.,Drymaria cordata (L.) Willd. ex Schult.,Drymaria cordata (L.) Willd. ex Schult.,Stellaria,Drymaria
235148,Drymaria rotundifolia (Poir.) Har.,Stellaria debilis d'Urv.,Stellaria debilis d'Urv.,Stellaria debilis d'Urv.,Stellaria debilis d'Urv.,Drymaria cordata (L.) Willd. ex Schult.,Drymaria cordata (L.) Willd. ex Schult.,Stellaria,Drymaria
236772,Spergularia nobreana Samp.,Sagina hawaiensis Pax,Sagina hawaiensis Pax,Sagina hawaiensis Pax,Sagina hawaiensis Pax,Spergularia media subsp. media,Spergularia media (L.) C.Presl,Sagina,Spergularia
240612,Statice ciliata (Lange) Rothm.,Limonium durieui (Girard) Kuntze,Limonium durieui (Girard) Kuntze,Limonium durieui (Girard) Kuntze,Limonium durieui (Girard) Kuntze,Armeria ciliata (Lange) Nieto Fel.,Armeria ciliata (Lange) Nieto Fel.,Limonium,Armeria
243981,Malva spicata L.,Malvastrum americanum (L.) Torr.,Malvastrum americanum (L.) Torr.,Malvastrum americanum (L.) Torr.,Malvastrum americanum (L.) Torr.,Melochia spicata (L.) Fryxell,Melochia spicata (L.) Fryxell,Malvastrum,Melochia
253782,Dendrophthoe heyneanus Blume,Psittacanthus cucullaris (Lam.) G.Don,Psittacanthus cucullaris (Lam.) G.Don,Psittacanthus cucullaris (Lam.) G.Don,Psittacanthus cucullaris (Lam.) G.Don,Taxillus heyneanus (Schult. & Schult.f.) Danser,Taxillus heyneanus (Schult. & Schult.f.) Danser,Psittacanthus,Taxillus
253978,Dolichos stipulaceus Lam.,Pueraria montana var. lobata (Willd.) Maesen & S.M.Almeida ex Sanjappa & Predeep,Pueraria montana var. lobata (Willd.) Maesen & S.M.Almeida ex Sanjappa & Predeep,Pueraria montana var. lobata (Willd.) Maesen & S.M.Almeida ex Sanjappa & Predeep,Pueraria montana (Lour.) Merr.,Vigna stipulacea (Lam.) Kuntze,Vigna stipulacea (Lam.) Kuntze,Pueraria,Vigna
255576,Paullinia grandiflora Cambess.,Paullinia pinnata L.,Paullinia pinnata L.,Paullinia pinnata L.,Paullinia pinnata L.,Serjania erecta Radlk.,Serjania erecta Radlk.,Paullinia,Serjania
272160,Stauracanthus aphyllus f. spartioides (Webb) Samp.,Stauracanthus genistoides (Brot.) Samp.,Stauracanthus genistoides (Brot.) Samp.,Stauracanthus genistoides (Brot.) Samp.,Stauracanthus genistoides (Brot.) Samp.,Ulex minor Roth,Ulex minor Roth,Stauracanthus,Ulex
272163,Stauracanthus genistoides f. spartioides (Webb) Samp.,Stauracanthus genistoides (Brot.) Samp.,Stauracanthus genistoides (Brot.) Samp.,Stauracanthus genistoides (Brot.) Samp.,Stauracanthus genistoides (Brot.) Samp.,Ulex minor Roth,Ulex minor Roth,Stauracanthus,Ulex
272168,Ulex genistoides f. spartioides (Webb) C.Vicioso,Stauracanthus genistoides (Brot.) Samp.,Stauracanthus genistoides (Brot.) Samp.,Stauracanthus genistoides (Brot.) Samp.,Stauracanthus genistoides (Brot.) Samp.,Ulex minor Roth,Ulex minor Roth,Stauracanthus,Ulex
272169,Ulex genistoides var. spartioides (Webb) C.Vicioso,Stauracanthus genistoides (Brot.) Samp.,Stauracanthus genistoides (Brot.) Samp.,Stauracanthus genistoides (Brot.) Samp.,Stauracanthus genistoides (Brot.) Samp.,Ulex minor Roth,Ulex minor Roth,Stauracanthus,Ulex
285843,Aniba megacarpa Hemsl.,Aniba canelilla (Kunth) Mez,Aniba canelilla (Kunth) Mez,Aniba canelilla (Kunth) Mez,Aniba canelilla (Kunth) Mez,Licaria cannella subsp. cannella,Licaria cannella (Meisn.) Kosterm.,Aniba,Licaria
300463,Brassica nigra var. laevigata (DC.) Alef.,Brassica carinata A.Braun,Brassica carinata A.Braun,Mutarda carinata (A.Braun) D.A.German,Mutarda carinata (A.Braun) D.A.German,Erucastrum strigosum (Thunb.) O.E.Schulz,Erucastrum strigosum (Thunb.) O.E.Schulz,Mutarda,Erucastrum
314311,Brassica mesopotamica (Spreng.) Bernh.,"Coincya tournefortii (Gouan) Alcaraz, T.E.Díaz, Rivas Mart. & Sánchez-Gómez","Coincya tournefortii (Gouan) Alcaraz, T.E.Díaz, Rivas Mart. & Sánchez-Gómez","Coincya tournefortii (Gouan) Alcaraz, T.E.Díaz, Rivas Mart. & Sánchez-Gómez","Coincya tournefortii (Gouan) Alcaraz, T.E.Díaz, Rivas Mart. & Sánchez-Gómez",Mutarda arvensis (L.) D.A.German,Mutarda arvensis (L.) D.A.German,Coincya,Mutarda
316916,Lithocardium macranthum (Cham.) Kuntze,Cordia macrantha Chodat,Cordia macrantha Chodat,Cordia alliodora (Ruiz & Pav.) Oken,Cordia alliodora (Ruiz & Pav.) Oken,Varronia paucidentata (Fresen.) Friesen,Varronia paucidentata (Fresen.) Friesen,Cordia,Varronia
319245,Luffa cylindrica var. multiflora (Spreng.) Domin,Cucumis melo L.,Cucumis melo L.,Cucumis melo L.,Cucumis melo L.,Luffa aegyptiaca Mill.,Luffa aegyptiaca Mill.,Cucumis,Luffa
319489,Luffa arabum Steud.,Cucumis melo L.,Cucumis melo L.,Cucumis melo L.,Cucumis melo L.,Luffa aegyptiaca Mill.,Luffa aegyptiaca Mill.,Cucumis,Luffa
319508,Luffa jacquinii Schrad.,Cucumis melo L.,Cucumis melo L.,Cucumis melo L.,Cucumis melo L.,Luffa aegyptiaca Mill.,Luffa aegyptiaca Mill.,Cucumis,Luffa
319514,Luffa hederacea Wall. ex G.Don,Cucumis melo L.,Cucumis melo L.,Cucumis melo L.,Cucumis melo L.,Luffa aegyptiaca Mill.,Luffa aegyptiaca Mill.,Cucumis,Luffa
319518,Luffa foetida Schrad.,Cucumis melo L.,Cucumis melo L.,Cucumis melo L.,Cucumis melo L.,Luffa aegyptiaca Mill.,Luffa aegyptiaca Mill.,Cucumis,Luffa
319525,Luffa striata Schrad.,Cucumis melo L.,Cucumis melo L.,Cucumis melo L.,Cucumis melo L.,Luffa aegyptiaca Mill.,Luffa aegyptiaca Mill.,Cucumis,Luffa
319531,Luffa veitchii Naudin,Cucumis melo L.,Cucumis melo L.,Cucumis melo L.,Cucumis melo L.,Luffa aegyptiaca Mill.,Luffa aegyptiaca Mill.,Cucumis,Luffa
319534,Luffa vittata Zipp. ex Span.,Cucumis melo L.,Cucumis melo L.,Cucumis melo L.,Cucumis melo L.,Luffa aegyptiaca Mill.,Luffa aegyptiaca Mill.,Cucumis,Luffa
319538,Luffa luffa (L.) A.Lyons,Cucumis melo L.,Cucumis melo L.,Cucumis melo L.,Cucumis melo L.,Luffa aegyptiaca Mill.,Luffa aegyptiaca Mill.,Cucumis,Luffa
319542,Luffa satpatia Buch.-Ham. ex G.Don,Cucumis melo L.,Cucumis melo L.,Cucumis melo L.,Cucumis melo L.,Luffa aegyptiaca Mill.,Luffa aegyptiaca Mill.,Cucumis,Luffa
319546,Luffa parvala Buch.-Ham.,Cucumis melo L.,Cucumis melo L.,Cucumis melo L.,Cucumis melo L.,Luffa aegyptiaca Mill.,Luffa aegyptiaca Mill.,Cucumis,Luffa
319550,Luffa scabra Schumach. & Thonn.,Cucumis melo L.,Cucumis melo L.,Cucumis melo L.,Cucumis melo L.,Luffa aegyptiaca Mill.,Luffa aegyptiaca Mill.,Cucumis,Luffa
319554,Luffa racemosa Roxb.,Cucumis melo L.,Cucumis melo L.,Cucumis melo L.,Cucumis melo L.,Luffa aegyptiaca Mill.,Luffa aegyptiaca Mill.,Cucumis,Luffa
319561,Luffa clavata Roxb.,Cucumis melo L.,Cucumis melo L.,Cucumis melo L.,Cucumis melo L.,Luffa aegyptiaca Mill.,Luffa aegyptiaca Mill.,Cucumis,Luffa
319565,Luffa cordata Meisn. ex M.Roem.,Cucumis melo L.,Cucumis melo L.,Cucumis melo L.,Cucumis melo L.,Luffa aegyptiaca Mill.,Luffa aegyptiaca Mill.,Cucumis,Luffa
321437,Didymocarpus pallidus Kraenzl.,Rhynchotechum copelandii (Elmer) Merr.,Rhynchotechum copelandii (Elmer) Merr.,Rhynchotechum copelandii (Elmer) Merr.,Rhynchotechum copelandii (Elmer) Merr.,Cyrtandra edanoi Olivar & Pelser,Cyrtandra edanoi Olivar & Pelser,Rhynchotechum,Cyrtandra
324668,Annona laevigata Mart.,Desmos chinensis Lour.,Desmos chinensis Lour.,Desmos chinensis Lour.,Desmos chinensis Lour.,Xylopia laevigata (Mart.) R.E.Fr.,Xylopia laevigata (Mart.) R.E.Fr.,Desmos,Xylopia
326412,Babactes oblongifolia (Roxb.) DC.,Didymocarpus acuminatus R.Br.,Didymocarpus acuminatus R.Br.,Didymocarpus acuminatus R.Br.,Didymocarpus acuminatus R.Br.,Henckelia oblongifolia (Roxb.) D.J.Middleton & Mich.Möller,Henckelia oblongifolia (Roxb.) D.J.Middleton & Mich.Möller,Didymocarpus,Henckelia
330251,Ehretia indica (Dennst. ex Kostel.) M.R.Almeida & S.M.Almeida,Ehretia aspera Willd.,Ehretia aspera Willd.,Ehretia aspera Willd.,Ehretia aspera Willd.,Blachia umbellata (Willd.) Baill.,Blachia umbellata (Willd.) Baill.,Ehretia,Blachia
334413,Cactus berteroi Colla,Eriosyce subgibbosa (Haw.) Katt.,Eriosyce subgibbosa (Haw.) Katt.,Eriosyce subgibbosa (Haw.) Katt.,Eriosyce subgibbosa (Haw.) Katt.,Cumulopuntia berteroi (Colla) F.Ritter,Cumulopuntia berteroi (Colla) F.Ritter,Eriosyce,Cumulopuntia
334834,Brassica purpurascens Banks & Sol.,Erucaria hispanica (L.) Druce,Erucaria hispanica (L.) Druce,Erucaria hispanica (L.) Druce,Erucaria hispanica (L.) Druce,Chorispora purpurascens (Banks & Sol.) Eig,Chorispora purpurascens (Banks & Sol.) Eig,Erucaria,Chorispora
347111,Guioa chrysantha Radlk.,Guioa semiglauca (F.Muell.) Radlk.,Guioa semiglauca (F.Muell.) Radlk.,Guioa semiglauca (F.Muell.) Radlk.,Guioa semiglauca (F.Muell.) Radlk.,Toechima dasyrrhache Radlk.,Toechima dasyrrhache Radlk.,Guioa,Toechima
348733,Hebenstretia fruticosa L.f.,Hebenstretia dentata L.,Hebenstretia dentata L.,Hebenstretia dentata L.,Hebenstretia dentata L.,Dischisma fruticosum (L.f.) Rolfe,Dischisma fruticosum (L.f.) Rolfe,Hebenstretia,Dischisma
354881,Indigofera enneaphylla L.,Indigofera tsiangiana Metcalf,Indigofera tsiangiana Metcalf,Indigofera tsiangiana Metcalf,Indigofera tsiangiana Metcalf,Psoralea pinnata L.,Psoralea pinnata L.,Indigofera,Psoralea
362863,Polygala caripensis Turcz.,Asemeia violacea (Aubl.) J.F.B.Pastore & J.R.Abbott,Asemeia violacea (Aubl.) J.F.B.Pastore & J.R.Abbott,Asemeia violacea (Aubl.) J.F.B.Pastore & J.R.Abbott,Asemeia violacea (Aubl.) J.F.B.Pastore & J.R.Abbott,Senega paniculata (L.) J.F.B.Pastore & J.R.Abbott,Senega paniculata (L.) J.F.B.Pastore & J.R.Abbott,Asemeia,Senega
368072,Galatella tenuifolia Lindl. ex DC.,Cosmos bipinnatus Cav.,Cosmos bipinnatus Cav.,Cosmos bipinnatus Cav.,Cosmos bipinnatus Cav.,Galatella hauptii (Ledeb.) Lindl. ex DC.,Galatella hauptii (Ledeb.) Lindl. ex DC.,Cosmos,Galatella
385472,× Sorbaronia dippelii var. superaria C.K.Schneid.,× Aroniaria dippelii (Zabel) Mezhenskyj,× Aroniaria dippelii (Zabel) Mezhenskyj,× Aroniaria dippelii (Zabel) Mezhenskyj,× Aroniaria dippelii (Zabel) Mezhenskyj,Aria edulis (Willd.) M.Roem.,Aria edulis (Willd.) M.Roem.,× Aroniaria,Aria
385583,Robinia pyramidata Mill.,Cenostigma gaumeri (Greenm.) Gagnon & G.P.Lewis,Cenostigma gaumeri (Greenm.) Gagnon & G.P.Lewis,Cenostigma gaumeri (Greenm.) Gagnon & G.P.Lewis,Cenostigma gaumeri (Greenm.) Gagnon & G.P.Lewis,Erythrostemon yucatanensis var. yucatanensis,Erythrostemon yucatanensis (Greenm.) Gagnon & G.P.Lewis,Cenostigma,Erythrostemon
386742,Lobivia chrysacantha (Backeb.) H.P.Kelsey & Dayton,Echinopsis jajoana (Backeb.) Blossf.,Echinopsis jajoana (Backeb.) Blossf.,Echinopsis jajoana (Backeb.) Blossf.,Echinopsis jajoana (Backeb.) Blossf.,Rebutia minuscula var. minuscula,Rebutia minuscula K.Schum.,Echinopsis,Rebutia
387938,Minuartia arctica var. hondoensis Ohwi,Cherleria arctica (Steven ex Ser.) A.J.Moore & Dillenb.,Cherleria arctica (Steven ex Ser.) A.J.Moore & Dillenb.,Cherleria arctica (Steven ex Ser.) A.J.Moore & Dillenb.,Cherleria arctica (Steven ex Ser.) A.J.Moore & Dillenb.,Minuartia hondoensis (Ohwi) Ohwi,Minuartia hondoensis (Ohwi) Ohwi,Cherleria,Minuartia
391395,Monochaetum canescens (Bonpl.) J.F.Macbr.,Monochaetum bonplandii (Kunth) Naudin,Monochaetum bonplandii (Kunth) Naudin,Monochaetum bonplandii (Kunth) Naudin,Monochaetum bonplandii (Kunth) Naudin,Brachyotum ledifolium (Desr.) Triana,Brachyotum ledifolium (Desr.) Triana,Monochaetum,Brachyotum
396783,Arctium intermedium Lange,Cousinia chlorocephala C.A.Mey. ex DC.,Cousinia chlorocephala C.A.Mey. ex DC.,Cousinia chlorocephala C.A.Mey. ex DC.,Cousinia chlorocephala C.A.Mey. ex DC.,Arctium nemorosum Lej.,Arctium nemorosum Lej.,Cousinia,Arctium
398168,Vernonia bolleana Sch.Bip.,Bolanosa coulteri A.Gray,Bolanosa coulteri A.Gray,Bolanosa coulteri A.Gray,Bolanosa coulteri A.Gray,Vernonia bolleana Sch.Bip.,Vernonia bolleana Sch.Bip.,Bolanosa,Vernonia
401050,Vernonia andohii C.D.Adams,Brenandendron donianum (DC.) H.Rob.,Brenandendron donianum (DC.) H.Rob.,Brenandendron donianum (DC.) H.Rob.,Brenandendron donianum (DC.) H.Rob.,Vernonia andohii C.D.Adams,Vernonia andohii C.D.Adams,Brenandendron,Vernonia
409505,Cacalia syneilesis (Franch. & Sav.) Matsum.,Japonicalia delphiniifolia (Siebold & Zucc.) C.Ren & Q.E.Yang,Japonicalia delphiniifolia (Siebold & Zucc.) C.Ren & Q.E.Yang,Japonicalia delphiniifolia (Siebold & Zucc.) C.Ren & Q.E.Yang,Japonicalia delphiniifolia (Siebold & Zucc.) C.Ren & Q.E.Yang,Syneilesis palmata (Lam.) Maxim.,Syneilesis palmata (Lam.) Maxim.,Japonicalia,Syneilesis
409514,Senecio syneilesis Franch. & Sav.,Japonicalia delphiniifolia (Siebold & Zucc.) C.Ren & Q.E.Yang,Japonicalia delphiniifolia (Siebold & Zucc.) C.Ren & Q.E.Yang,Japonicalia delphiniifolia (Siebold & Zucc.) C.Ren & Q.E.Yang,Japonicalia delphiniifolia (Siebold & Zucc.) C.Ren & Q.E.Yang,Syneilesis palmata (Lam.) Maxim.,Syneilesis palmata (Lam.) Maxim.,Japonicalia,Syneilesis
412269,Werneria lehmannii Klatt,Rockhausenia glandulosa (Wedd.) D.J.N.Hind,Rockhausenia glandulosa (Wedd.) D.J.N.Hind,Rockhausenia glandulosa (Wedd.) D.J.N.Hind,Rockhausenia glandulosa (Wedd.) D.J.N.Hind,Hypochaeris sessiliflora Kunth,Hypochaeris sessiliflora Kunth,Rockhausenia,Hypochaeris
414154,Gnaphalium petiolatum L.,Helichrysum petiolare Hilliard & B.L.Burtt,Helichrysum petiolare Hilliard & B.L.Burtt,Helichrysum petiolare Hilliard & B.L.Burtt,Helichrysum petiolare Hilliard & B.L.Burtt,Staehelina petiolata (L.) Hilliard & B.L.Burtt,Staehelina petiolata (L.) Hilliard & B.L.Burtt,Helichrysum,Staehelina
414755,Gnaphalium simplex A.Rich.,Euchiton collinus Cass.,Euchiton collinus Cass.,Euchiton collinus Cass.,Euchiton collinus Cass.,"Pseudognaphalium lanatum (G.Forst.) Smissen, Breitw. & de Lange","Pseudognaphalium lanatum (G.Forst.) Smissen, Breitw. & de Lange",Euchiton,Pseudognaphalium
416290,Dichrocephala paniculata Miq.,Dichrocephala integrifolia subsp. integrifolia,Dichrocephala integrifolia subsp. integrifolia,Dichrocephala integrifolia subsp. integrifolia,Dichrocephala integrifolia (L.f.) Kuntze,Myriactis javanica (Blume) DC.,Myriactis javanica (Blume) DC.,Dichrocephala,Myriactis
416758,Olearia arguta var. lanata Benth.,Camptacra gracilis (Benth.) Lander,Camptacra gracilis (Benth.) Lander,Camptacra gracilis (Benth.) Lander,Camptacra gracilis (Benth.) Lander,Olearia arguta var. lanata Benth.,Olearia arguta Benth.,Camptacra,Olearia
416761,Aster argutus R.Br. ex Benth.,Camptacra gracilis (Benth.) Lander,Camptacra gracilis (Benth.) Lander,Camptacra gracilis (Benth.) Lander,Camptacra gracilis (Benth.) Lander,Olearia arguta var. arguta,Olearia arguta Benth.,Camptacra,Olearia
416762,Olearia arguta Benth.,Camptacra gracilis (Benth.) Lander,Camptacra gracilis (Benth.) Lander,Camptacra gracilis (Benth.) Lander,Camptacra gracilis (Benth.) Lander,Olearia arguta Benth.,Olearia arguta Benth.,Camptacra,Olearia
416863,Brachyscome scapiformis var. glabra DC.,Vittadinia spathulata F.Muell. ex Sond.,Vittadinia spathulata F.Muell. ex Sond.,Vittadinia spathulata F.Muell. ex Sond.,Vittadinia spathulata F.Muell. ex Sond.,Brachyscome spathulata Gaudich.,Brachyscome spathulata Gaudich.,Vittadinia,Brachyscome
422227,Inula saxatilis Lam.,Dittrichia viscosa subsp. viscosa,Dittrichia viscosa subsp. viscosa,Dittrichia viscosa subsp. viscosa,Dittrichia viscosa (L.) Greuter,Chiliadenus glutinosus (L.) Fourr.,Chiliadenus glutinosus (L.) Fourr.,Dittrichia,Chiliadenus
422229,Chiliadenus saxatilis (Lam.) Brullo,Dittrichia viscosa subsp. viscosa,Dittrichia viscosa subsp. viscosa,Dittrichia viscosa subsp. viscosa,Dittrichia viscosa (L.) Greuter,Chiliadenus glutinosus (L.) Fourr.,Chiliadenus glutinosus (L.) Fourr.,Dittrichia,Chiliadenus
436379,Dryopteris disjuncta f. glandulosa (R.M.Tryon) Cody,Gymnocarpium disjunctum (Rupr.) Ching,Gymnocarpium disjunctum (Rupr.) Ching,Gymnocarpium disjunctum (Rupr.) Ching,Gymnocarpium disjunctum (Rupr.) Ching,Thelypteris maxoniana A.R.Sm.,Thelypteris maxoniana A.R.Sm.,Gymnocarpium,Thelypteris
436450,Cyathea attenuata Fée,Cyathea mexiae Copel.,Cyathea mexiae Copel.,Cyathea mexiae Copel.,Cyathea mexiae Copel.,Sphaeropteris gardneri (Hook.) R.M.Tryon,Sphaeropteris gardneri (Hook.) R.M.Tryon,Cyathea,Sphaeropteris
436451,Cyathea incurvata Kunze,Cyathea mexiae Copel.,Cyathea mexiae Copel.,Cyathea mexiae Copel.,Cyathea mexiae Copel.,Sphaeropteris gardneri (Hook.) R.M.Tryon,Sphaeropteris gardneri (Hook.) R.M.Tryon,Cyathea,Sphaeropteris
436452,Cyathea mamillata Fée,Cyathea mexiae Copel.,Cyathea mexiae Copel.,Cyathea mexiae Copel.,Cyathea mexiae Copel.,Sphaeropteris gardneri (Hook.) R.M.Tryon,Sphaeropteris gardneri (Hook.) R.M.Tryon,Cyathea,Sphaeropteris
436453,Cyathea taunaysiana Glaz. & Fée,Cyathea mexiae Copel.,Cyathea mexiae Copel.,Cyathea mexiae Copel.,Cyathea mexiae Copel.,Sphaeropteris gardneri (Hook.) R.M.Tryon,Sphaeropteris gardneri (Hook.) R.M.Tryon,Cyathea,Sphaeropteris
436454,Sphaeropteris gardneri (Hook.) R.M.Tryon,Cyathea mexiae Copel.,Cyathea mexiae Copel.,Cyathea mexiae Copel.,Cyathea mexiae Copel.,Sphaeropteris gardneri (Hook.) R.M.Tryon,Sphaeropteris gardneri (Hook.) R.M.Tryon,Cyathea,Sphaeropteris
436719,Cyathea incanescens Domin,Cyathea incana H.Karst.,Cyathea incana H.Karst.,Cyathea incana H.Karst.,Cyathea incana H.Karst.,Alsophila manniana (Hook.) R.M.Tryon,Alsophila manniana (Hook.) R.M.Tryon,Cyathea,Alsophila
437353,Asplenium arifolium Burm.f.,Acrostichum aureum L.,Acrostichum aureum L.,Acrostichum aureum L.,Acrostichum aureum L.,Hemionitis arifolia (Burm.f.) T.Moore,Hemionitis arifolia (Burm.f.) T.Moore,Acrostichum,Hemionitis
441123,Polypodium berteroanum Spreng.,Megalastrum inaequalifolium (Colla) A.R.Sm. & R.C.Moran,Megalastrum inaequalifolium (Colla) A.R.Sm. & R.C.Moran,Megalastrum inaequalifolium (Colla) A.R.Sm. & R.C.Moran,Megalastrum inaequalifolium (Colla) A.R.Sm. & R.C.Moran,Rumohra adiantiformis (G.Forst.) Ching,Rumohra adiantiformis (G.Forst.) Ching,Megalastrum,Rumohra
443011,Polypodium parkinsonii Baker,Phymatosorus parksii (Copel.) Brownlie,Phymatosorus parksii (Copel.) Brownlie,Phymatosorus parksii (Copel.) Brownlie,Phymatosorus parksii (Copel.) Brownlie,Drynaria parkinsonii (Baker) Diels,Drynaria parkinsonii (Baker) Diels,Phymatosorus,Drynaria
443386,Polypodium loriceum var. umbraticum Christ,Polypodium plectolepidioides Rosenst.,Polypodium plectolepidioides Rosenst.,Polypodium plectolepidioides Rosenst.,Polypodium plectolepidioides Rosenst.,Serpocaulon dissimile (L.) A.R.Sm.,Serpocaulon dissimile (L.) A.R.Sm.,Polypodium,Serpocaulon
446085,Alsophila fragilis Zoll. & Moritzi,Thelypteris lineata (Blume) K.Iwats.,Thelypteris lineata (Blume) K.Iwats.,Thelypteris lineata (Blume) K.Iwats.,Thelypteris lineata (Blume) K.Iwats.,Arachniodes aristata (G.Forst.) Tindale,Arachniodes aristata (G.Forst.) Tindale,Thelypteris,Arachniodes
446090,Meniscium fragile Kunze,Thelypteris lineata (Blume) K.Iwats.,Thelypteris lineata (Blume) K.Iwats.,Thelypteris lineata (Blume) K.Iwats.,Thelypteris lineata (Blume) K.Iwats.,Arachniodes aristata (G.Forst.) Tindale,Arachniodes aristata (G.Forst.) Tindale,Thelypteris,Arachniodes
447084,Paradavallodes chingiae (Ching) Ching,Davallodes membranulosa (Wall. ex Hook.) Copel.,Davallodes membranulosa (Wall. ex Hook.) Copel.,Davallodes membranulosa (Wall. ex Hook.) Copel.,Davallodes membranulosa (Wall. ex Hook.) Copel.,Davallia chingiae (Ching) Xiao D.Ma & F.G.Wang,Davallia chingiae (Ching) Xiao D.Ma & F.G.Wang,Davallodes,Davallia
451802,Hedysarum oxalifolium Buch.-Ham. ex Benn.,Sohmaea laxiflora (DC.) H.Ohashi & K.Ohashi,Sohmaea laxiflora (DC.) H.Ohashi & K.Ohashi,Sohmaea laxiflora (DC.) H.Ohashi & K.Ohashi,Sohmaea laxiflora (DC.) H.Ohashi & K.Ohashi,Eleiotis rottleri Wight & Arn.,Eleiotis rottleri Wight & Arn.,Sohmaea,Eleiotis
453668,Ulex parviflorus subsp. willkommii (Webb) Borja & al.,Ulex parviflorus subsp. parviflorus,Ulex parviflorus subsp. parviflorus,Ulex parviflorus subsp. parviflorus,Ulex parviflorus Pourr.,Stauracanthus genistoides (Brot.) Samp.,Stauracanthus genistoides (Brot.) Samp.,Ulex,Stauracanthus
453675,Ulex parviflorus var. willkommii (Webb) C.Vicioso,Ulex parviflorus subsp. parviflorus,Ulex parviflorus subsp. parviflorus,Ulex parviflorus subsp. parviflorus,Ulex parviflorus Pourr.,Stauracanthus genistoides (Brot.) Samp.,Stauracanthus genistoides (Brot.) Samp.,Ulex,Stauracanthus
453678,Ulex scaber var. willkommii (Webb) Samp.,Ulex parviflorus subsp. parviflorus,Ulex parviflorus subsp. parviflorus,Ulex parviflorus subsp. parviflorus,Ulex parviflorus Pourr.,Stauracanthus genistoides (Brot.) Samp.,Stauracanthus genistoides (Brot.) Samp.,Ulex,Stauracanthus
453681,Ulex willkommii Webb,Ulex parviflorus subsp. parviflorus,Ulex parviflorus subsp. parviflorus,Ulex parviflorus subsp. parviflorus,Ulex parviflorus Pourr.,Stauracanthus genistoides (Brot.) Samp.,Stauracanthus genistoides (Brot.) Samp.,Ulex,Stauracanthus
462908,Moronobea grandiflora Choisy,Platonia insignis var. insignis,Platonia insignis var. insignis,Platonia insignis var. insignis,Platonia insignis Mart.,Moronobea coccinea Aubl.,Moronobea coccinea Aubl.,Platonia,Moronobea
462912,Moronobea montana Schltdl.,Platonia insignis var. insignis,Platonia insignis var. insignis,Platonia insignis var. insignis,Platonia insignis Mart.,Moronobea coccinea Aubl.,Moronobea coccinea Aubl.,Platonia,Moronobea
464971,Valeriana pygmaea Turcz.,Valeriana alypifolia subsp. alypifolia,Valeriana alypifolia subsp. alypifolia,Valeriana alypifolia subsp. alypifolia,Valeriana alypifolia Kunth,"Borealandea nubigena (Bonpl.) Al-Shehbaz, Salariato, A.Cano & Zuloaga","Borealandea nubigena (Bonpl.) Al-Shehbaz, Salariato, A.Cano & Zuloaga",Valeriana,Borealandea
468247,Rhamnus buxifolia Poir.,Rhamnus oleoides subsp. oleoides,Rhamnus oleoides subsp. oleoides,Rhamnus oleoides subsp. oleoides,Rhamnus oleoides L.,Flueggea tinctoria (L.) G.L.Webster,Flueggea tinctoria (L.) G.L.Webster,Rhamnus,Flueggea
474935,Ligusticum apiifolium Desf.,Carum appuanum subsp. appuanum,Carum appuanum subsp. appuanum,Carum appuanum subsp. appuanum,Carum appuanum (Viv.) Grande,Cnidium silaifolium (Jacq.) Simonk.,Cnidium silaifolium (Jacq.) Simonk.,Carum,Cnidium
477809,Euphoria leichhardtii var. hebepetala Benth.,Dimocarpus longan subsp. longan,Dimocarpus longan subsp. longan,Dimocarpus longan subsp. longan,Dimocarpus longan Lour.,Arytera foveolata F.Muell.,Arytera foveolata F.Muell.,Dimocarpus,Arytera
477816,Arytera leichhardtii var. hebepetala (Benth.) Radlk.,Dimocarpus longan subsp. longan,Dimocarpus longan subsp. longan,Dimocarpus longan subsp. longan,Dimocarpus longan Lour.,Arytera foveolata F.Muell.,Arytera foveolata F.Muell.,Dimocarpus,Arytera
479736,Eurya latifolia variegata Veitch ex J.Dix,Eurya japonica var. japonica,Eurya japonica var. japonica,Eurya japonica var. japonica,Eurya japonica Thunb.,Cleyera japonica var. japonica,Cleyera japonica Thunb.,Eurya,Cleyera
481414,Cistus punctatus Willd.,Helianthemum salicifolium var. salicifolium,Helianthemum salicifolium var. salicifolium,Helianthemum salicifolium var. salicifolium,Helianthemum salicifolium (L.) Mill.,Tuberaria guttata (L.) Fourr.,Tuberaria guttata (L.) Fourr.,Helianthemum,Tuberaria
482320,Lepidium draba var. matritense (Pau) Thell.,Iberis carnosa subsp. carnosa,Iberis carnosa subsp. carnosa,Iberis carnosa subsp. carnosa,Iberis carnosa Willd.,Lepidium draba L.,Lepidium draba L.,Iberis,Lepidium
483654,Anthemis valentina L.,Porophyllum ruderale var. ruderale,Porophyllum ruderale var. ruderale,Porophyllum ruderale var. ruderale,Porophyllum ruderale (Jacq.) Cass.,Anacyclus radiatus Loisel.,Anacyclus radiatus Loisel.,Porophyllum,Anacyclus
507727,Citharexylum flexuosum var. subglabrum Moldenke,Citharexylum flexuosum (Ruiz & Pav.) D.Don,Citharexylum flexuosum (Ruiz & Pav.) D.Don,Citharexylum flexuosum (Ruiz & Pav.) D.Don,Citharexylum flexuosum (Ruiz & Pav.) D.Don,Lycium americanum Jacq.,Lycium americanum Jacq.,Citharexylum,Lycium
510385,Nertera dentata Elmer,Nertera granadensis var. granadensis,Nertera granadensis var. granadensis,Nertera granadensis var. granadensis,Nertera granadensis (Mutis ex L.f.) Druce,Hemiphragma heterophyllum var. dentatum (Elmer) T.Yamaz.,Hemiphragma heterophyllum Wall.,Nertera,Hemiphragma
519014,Katherinea perakensis (Hook.f.) A.D.Hawkes,Eria javanica (Sw.) Blume,Eria javanica (Sw.) Blume,Bulbophyllum gibbosum (Blume) Lindl.,Bulbophyllum gibbosum (Blume) Lindl.,Eria stellata Lindl.,Eria stellata Lindl.,Bulbophyllum,Eria
519016,Octomeria vaginata Breda,Eria javanica (Sw.) Blume,Eria javanica (Sw.) Blume,Bulbophyllum gibbosum (Blume) Lindl.,Bulbophyllum gibbosum (Blume) Lindl.,Eria stellata Lindl.,Eria stellata Lindl.,Bulbophyllum,Eria
519017,Dendrobium perakense Hook.f.,Eria javanica (Sw.) Blume,Eria javanica (Sw.) Blume,Bulbophyllum gibbosum (Blume) Lindl.,Bulbophyllum gibbosum (Blume) Lindl.,Eria stellata Lindl.,Eria stellata Lindl.,Bulbophyllum,Eria
519018,Sarcopodium perakense (Hook.f.) Kraenzl.,Eria javanica (Sw.) Blume,Eria javanica (Sw.) Blume,Bulbophyllum gibbosum (Blume) Lindl.,Bulbophyllum gibbosum (Blume) Lindl.,Eria stellata Lindl.,Eria stellata Lindl.,Bulbophyllum,Eria
519019,Eria micholitzii Kraenzl.,Eria javanica (Sw.) Blume,Eria javanica (Sw.) Blume,Bulbophyllum gibbosum (Blume) Lindl.,Bulbophyllum gibbosum (Blume) Lindl.,Eria stellata Lindl.,Eria stellata Lindl.,Bulbophyllum,Eria
519020,Callista perakensis (Hook.f.) Kuntze,Eria javanica (Sw.) Blume,Eria javanica (Sw.) Blume,Bulbophyllum gibbosum (Blume) Lindl.,Bulbophyllum gibbosum (Blume) Lindl.,Eria stellata Lindl.,Eria stellata Lindl.,Bulbophyllum,Eria
519021,Dendrolirium rugosum Blume,Eria javanica (Sw.) Blume,Eria javanica (Sw.) Blume,Bulbophyllum gibbosum (Blume) Lindl.,Bulbophyllum gibbosum (Blume) Lindl.,Eria stellata Lindl.,Eria stellata Lindl.,Bulbophyllum,Eria
519022,Eria inamoena Schltr.,Eria javanica (Sw.) Blume,Eria javanica (Sw.) Blume,Bulbophyllum gibbosum (Blume) Lindl.,Bulbophyllum gibbosum (Blume) Lindl.,Eria stellata Lindl.,Eria stellata Lindl.,Bulbophyllum,Eria
519023,Eria fragrans Rchb.f.,Eria javanica (Sw.) Blume,Eria javanica (Sw.) Blume,Bulbophyllum gibbosum (Blume) Lindl.,Bulbophyllum gibbosum (Blume) Lindl.,Eria stellata Lindl.,Eria stellata Lindl.,Bulbophyllum,Eria
519024,Eria striolata Rchb.f.,Eria javanica (Sw.) Blume,Eria javanica (Sw.) Blume,Bulbophyllum gibbosum (Blume) Lindl.,Bulbophyllum gibbosum (Blume) Lindl.,Eria stellata Lindl.,Eria stellata Lindl.,Bulbophyllum,Eria
519025,Eria stellata Lindl.,Eria javanica (Sw.) Blume,Eria javanica (Sw.) Blume,Bulbophyllum gibbosum (Blume) Lindl.,Bulbophyllum gibbosum (Blume) Lindl.,Eria stellata Lindl.,Eria stellata Lindl.,Bulbophyllum,Eria
519026,Eria papuana Kraenzl.,Eria javanica (Sw.) Blume,Eria javanica (Sw.) Blume,Bulbophyllum gibbosum (Blume) Lindl.,Bulbophyllum gibbosum (Blume) Lindl.,Eria stellata Lindl.,Eria stellata Lindl.,Bulbophyllum,Eria
519027,Eria pseudostellata Schltr.,Eria javanica (Sw.) Blume,Eria javanica (Sw.) Blume,Bulbophyllum gibbosum (Blume) Lindl.,Bulbophyllum gibbosum (Blume) Lindl.,Eria stellata Lindl.,Eria stellata Lindl.,Bulbophyllum,Eria
519028,"Eria vaginata (Breda, Kuhl & Hasselt) Benth.",Eria javanica (Sw.) Blume,Eria javanica (Sw.) Blume,Bulbophyllum gibbosum (Blume) Lindl.,Bulbophyllum gibbosum (Blume) Lindl.,Eria stellata Lindl.,Eria stellata Lindl.,Bulbophyllum,Eria
519029,Eria cochleata Lindl.,Eria javanica (Sw.) Blume,Eria javanica (Sw.) Blume,Bulbophyllum gibbosum (Blume) Lindl.,Bulbophyllum gibbosum (Blume) Lindl.,Eria cochleata Lindl.,Eria cochleata Lindl.,Bulbophyllum,Eria
526595,Gymnadenia odoratissima var. heteroglossa Rchb.f.,Gymnadenia odoratissima (L.) Rich.,Gymnadenia odoratissima (L.) Rich.,Gymnadenia odoratissima (L.) Rich.,Gymnadenia odoratissima (L.) Rich.,× Chamodenia heteroglossa (Rchb.f.) Peitz,× Chamodenia heteroglossa (Rchb.f.) Peitz,Gymnadenia,× Chamodenia
530879,Zornia Moench,Lallemantia Fisch. & C.A.Mey.,Lallemantia Fisch. & C.A.Mey.,Dracocephalum L.,,Dracocephalum canescens L.,Dracocephalum canescens L.,,Dracocephalum
531585,Leidesia capensis (L.f.) Müll.Arg.,Leidesia procumbens (L.) Prain,Leidesia procumbens (L.) Prain,Leidesia procumbens (L.) Prain,Leidesia procumbens (L.) Prain,Didymodoxa capensis (L.f.) Friis & Wilmot-Dear,Didymodoxa capensis (L.f.) Friis & Wilmot-Dear,Leidesia,Didymodoxa
531590,Mercurialis capensis (L.f.) Spreng. ex Sond.,Leidesia procumbens (L.) Prain,Leidesia procumbens (L.) Prain,Leidesia procumbens (L.) Prain,Leidesia procumbens (L.) Prain,Didymodoxa capensis (L.f.) Friis & Wilmot-Dear,Didymodoxa capensis (L.f.) Friis & Wilmot-Dear,Leidesia,Didymodoxa
532389,Andrachne cavaleriei H.Lév.,Leptopus chinensis (Bunge) Pojark.,Leptopus chinensis (Bunge) Pojark.,Leptopus chinensis (Bunge) Pojark.,Leptopus chinensis (Bunge) Pojark.,Lysimachia capillipes var. cavaleriei (H.Lév.) Hand.-Mazz.,Lysimachia capillipes Hemsl.,Leptopus,Lysimachia
538015,Mentha perilloides L.,Mesosphaerum pectinatum (L.) Kuntze,Mesosphaerum pectinatum (L.) Kuntze,Mesosphaerum pectinatum (L.) Kuntze,Mesosphaerum pectinatum (L.) Kuntze,Perilla frutescens (L.) Britton,Perilla frutescens (L.) Britton,Mesosphaerum,Perilla
554077,Cleisostoma ornithorrhynchum (Rchb.f.) Garay,Robiquetia rosea (Lindl.) Garay,Robiquetia rosea (Lindl.) Garay,Robiquetia rosea (Lindl.) Garay,Robiquetia rosea (Lindl.) Garay,Cleisostoma discolor Lindl.,Cleisostoma discolor Lindl.,Robiquetia,Cleisostoma
554080,Sarcanthus ornithorrhynchus Rchb.f.,Robiquetia rosea (Lindl.) Garay,Robiquetia rosea (Lindl.) Garay,Robiquetia rosea (Lindl.) Garay,Robiquetia rosea (Lindl.) Garay,Cleisostoma discolor Lindl.,Cleisostoma discolor Lindl.,Robiquetia,Cleisostoma
564877,Elaeagia subspicata Standl.,Warszewiczia longistaminea K.Schum.,Warszewiczia longistaminea K.Schum.,Warszewiczia longistaminea K.Schum.,Warszewiczia longistaminea K.Schum.,Bathysa subspicata (Standl.) C.M.Taylor,Bathysa subspicata (Standl.) C.M.Taylor,Warszewiczia,Bathysa
575486,Scirpus scheuchzeri Hartmann,Eriophorum scheuchzeri Hoppe,Eriophorum scheuchzeri Hoppe,Eriophorum scheuchzeri Hoppe,Eriophorum scheuchzeri Hoppe,Eleocharis quinqueflora (Hartmann) O.Schwarz,Eleocharis quinqueflora (Hartmann) O.Schwarz,Eriophorum,Eleocharis
581886,Paepalanthus vaginatus Körn.,Syngonanthus fischerianus (Bong.) Ruhland,Syngonanthus fischerianus (Bong.) Ruhland,Syngonanthus fischerianus (Bong.) Ruhland,Syngonanthus fischerianus (Bong.) Ruhland,Paepalanthus vaginatus Körn.,Paepalanthus vaginatus Körn.,Syngonanthus,Paepalanthus
583139,Amomum latifolium Lam.,Zingiber zerumbet (L.) Roscoe ex Sm.,Zingiber zerumbet (L.) Roscoe ex Sm.,Zingiber zerumbet (L.) Roscoe ex Sm.,Zingiber zerumbet (L.) Roscoe ex Sm.,Curcuma longa L.,Curcuma longa L.,Zingiber,Curcuma
598677,Setilobus neves-armondii Bureau & K.Schum.,Cuspidaria simplicifolia DC.,Cuspidaria simplicifolia DC.,Cuspidaria simplicifolia DC.,Cuspidaria simplicifolia DC.,Fridericia bracteata (Baill. ex Bureau & K.Schum.) J.N.C.Franc. & L.G.Lohmann,Fridericia bracteata (Baill. ex Bureau & K.Schum.) J.N.C.Franc. & L.G.Lohmann,Cuspidaria,Fridericia
615342,Agrostis frondosa Ten. ex Spreng.,Agrostis castellana Boiss. & Reut.,Agrostis castellana Boiss. & Reut.,Agrostis castellana Boiss. & Reut.,Agrostis castellana Boiss. & Reut.,Polypogon viridis (Gouan) Breistr.,Polypogon viridis (Gouan) Breistr.,Agrostis,Polypogon
636873,Leochilus parviflorus Standl. & L.O.Williams,Leochilus inconspicuus (Kraenzl.) M.W.Chase & N.H.Williams,Leochilus inconspicuus (Kraenzl.) M.W.Chase & N.H.Williams,Trichocentrum candidum Lindl.,Trichocentrum candidum Lindl.,Leochilus candelariae (Kraenzl.) Pupulin,Leochilus candelariae (Kraenzl.) Pupulin,Trichocentrum,Leochilus
643449,Avena alpina Honck.,Deschampsia cespitosa subsp. cespitosa,Deschampsia cespitosa subsp. cespitosa,Deschampsia cespitosa subsp. cespitosa,Deschampsia cespitosa (L.) P.Beauv.,Helictochloa versicolor subsp. versicolor,Helictochloa versicolor (Vill.) Romero Zarco,Deschampsia,Helictochloa
666818,Geodorum citrinum Andrews,Phaius amboinensis Blume,Phaius amboinensis Blume,Phaius amboinensis Blume,Phaius amboinensis Blume,Eulophia citrina (Andrews) Ormerod & Kurzweil,Eulophia citrina (Andrews) Ormerod & Kurzweil,Phaius,Eulophia
669726,Lobivia pentlandii var. forbesii (A.Dietr.) Y.Itô ex Backeb.,Lobivia pentlandii (Hook.) Britton & Rose,Lobivia pentlandii (Hook.) Britton & Rose,Lobivia pentlandii (Hook.) Britton & Rose,Lobivia pentlandii (Hook.) Britton & Rose,Acanthocalycium rhodotrichum subsp. rhodotrichum,Acanthocalycium rhodotrichum (K.Schum.) Schlumpb.,Lobivia,Acanthocalycium
674373,Sassafras officinale Siebold,Lindera triloba (Siebold & Zucc.) Blume,Lindera triloba (Siebold & Zucc.) Blume,Lindera triloba (Siebold & Zucc.) Blume,Lindera triloba (Siebold & Zucc.) Blume,Sassafras albidum (Nutt.) Nees,Sassafras albidum (Nutt.) Nees,Lindera,Sassafras
685048,Onosma incanescens DC.,Onosma rostellata Lehm.,Onosma rostellata Lehm.,Onosma rostellata Lehm.,Onosma rostellata Lehm.,Maharanga incanescens (DC.) L.Cecchi & Hilger,Maharanga incanescens (DC.) L.Cecchi & Hilger,Onosma,Maharanga
696812,Laserpitium loscosii (Lange) Calest.,Thapsia asclepium L.,Thapsia asclepium L.,Thapsia asclepium L.,Thapsia asclepium L.,Ferula loscosii (Lange) Willk.,Ferula loscosii (Lange) Willk.,Thapsia,Ferula
696817,Elaeoselinum loscosii Lange,Thapsia asclepium L.,Thapsia asclepium L.,Thapsia asclepium L.,Thapsia asclepium L.,Ferula loscosii (Lange) Willk.,Ferula loscosii (Lange) Willk.,Thapsia,Ferula
720529,Vandellia diffusa Blanco,Torenia thouarsii (Cham. & Schltdl.) Kuntze,Torenia thouarsii (Cham. & Schltdl.) Kuntze,Torenia thouarsii (Cham. & Schltdl.) Kuntze,Torenia thouarsii (Cham. & Schltdl.) Kuntze,"Yamazakia pusilla (Willd.) W.R.Barker, Y.S.Liang & Wannan","Yamazakia pusilla (Willd.) W.R.Barker, Y.S.Liang & Wannan",Torenia,Yamazakia
723566,Cinnamomum tomentosum D.Don,Phoebe cathia (D.Don) Kosterm.,Phoebe cathia (D.Don) Kosterm.,Phoebe cathia (D.Don) Kosterm.,Phoebe cathia (D.Don) Kosterm.,Machilus tomentosus (D.Don) M.Gangop.,Machilus tomentosus (D.Don) M.Gangop.,Phoebe,Machilus
724549,Pterocarpus cultratus Vell.,Pterocarpus rohrii Vahl,Pterocarpus rohrii Vahl,Pterocarpus rohrii Vahl,Pterocarpus rohrii Vahl,Lonchocarpus cultratus (Vell.) A.M.G.Azevedo & H.C.Lima,Lonchocarpus cultratus (Vell.) A.M.G.Azevedo & H.C.Lima,Pterocarpus,Lonchocarpus
724778,Strombocarpa odorata (Torr. & Frém.) A.Gray,Strombocarpa pubescens (Benth.) A.Gray,Strombocarpa pubescens (Benth.) A.Gray,Strombocarpa pubescens (Benth.) A.Gray,Strombocarpa pubescens (Benth.) A.Gray,Neltuma odorata (Torr. & Frém.) C.E.Hughes & G.P.Lewis,Neltuma odorata (Torr. & Frém.) C.E.Hughes & G.P.Lewis,Strombocarpa,Neltuma
724781,Prosopis odorata Torr. & Frém.,Strombocarpa pubescens (Benth.) A.Gray,Strombocarpa pubescens (Benth.) A.Gray,Strombocarpa pubescens (Benth.) A.Gray,Strombocarpa pubescens (Benth.) A.Gray,Neltuma odorata (Torr. & Frém.) C.E.Hughes & G.P.Lewis,Neltuma odorata (Torr. & Frém.) C.E.Hughes & G.P.Lewis,Strombocarpa,Neltuma
726795,Paullinia mexiae Steyerm.,Paullinia pterocarpa Triana & Planch.,Paullinia pterocarpa Triana & Planch.,Paullinia pterocarpa Triana & Planch.,Paullinia pterocarpa Triana & Planch.,Serjania caracasana (Jacq.) Willd.,Serjania caracasana (Jacq.) Willd.,Paullinia,Serjania
732752,Papaver heterophyllum var. crassifolium (Benth.) Jeps.,Papaver heterophyllum (Benth.) Greene,Papaver heterophyllum (Benth.) Greene,Papaver heterophyllum (Benth.) Greene,Papaver heterophyllum (Benth.) Greene,Stylophorum diphyllum (Michx.) Nutt.,Stylophorum diphyllum (Michx.) Nutt.,Papaver,Stylophorum
740702,Dircaea picta (Hook.) Lem.,Sinningia douglasii (Lindl.) Chautems,Sinningia douglasii (Lindl.) Chautems,Sinningia douglasii (Lindl.) Chautems,Sinningia douglasii (Lindl.) Chautems,Kohleria tubiflora (Cav.) Hanst.,Kohleria tubiflora (Cav.) Hanst.,Sinningia,Kohleria
741422,Acacia virchowiana Vatke & Hildebrandt,Senegalia senegal (L.) Britton,Senegalia senegal (L.) Britton,Senegalia senegal (L.) Britton,Senegalia senegal (L.) Britton,Vachellia oerfota var. oerfota,Vachellia oerfota (Forssk.) Kyal. & Boatwr.,Senegalia,Vachellia
742348,Asterocephalus tomentosus Spreng.,Succisa pratensis Moench,Succisa pratensis Moench,Succisa pratensis Moench,Succisa pratensis Moench,Scabiosa turolensis subsp. turolensis,Scabiosa turolensis Pau,Succisa,Scabiosa
750262,Adenandra ovata (Thunb.) Link,Adenandra villosa subsp. sonderi (Dümmer) Strid,Adenandra villosa subsp. sonderi (Dümmer) Strid,Adenandra villosa subsp. sonderi (Dümmer) Strid,Adenandra villosa (P.J.Bergius) Licht. ex Schult.,Agathosma ovata (Thunb.) F.Dietr.,Agathosma ovata (Thunb.) F.Dietr.,Adenandra,Agathosma
752566,Mimosa terminalis Vell.,Pseudalbizzia polycephala (Benth.) E.J.M.Koenen & Duno,Pseudalbizzia polycephala (Benth.) E.J.M.Koenen & Duno,Pseudalbizzia polycephala (Benth.) E.J.M.Koenen & Duno,Pseudalbizzia polycephala (Benth.) E.J.M.Koenen & Duno,"Hydrochorea pedicellaris (DC.) M.V.B.Soares, Iganci & M.P.Morim","Hydrochorea pedicellaris (DC.) M.V.B.Soares, Iganci & M.P.Morim",Pseudalbizzia,Hydrochorea
753696,Alyssum arenarium C.Presl,Alyssum montanum subsp. gmelinii (Jord.) Em.Schmid,Alyssum montanum subsp. gmelinii (Jord.) Em.Schmid,Alyssum gmelinii Jord.,Alyssum gmelinii Jord.,Lobularia maritima subsp. maritima,Lobularia maritima (L.) Desv.,Alyssum,Lobularia
753698,Alyssum alpinum Scop.,Alyssum montanum subsp. gmelinii (Jord.) Em.Schmid,Alyssum montanum subsp. gmelinii (Jord.) Em.Schmid,Alyssum gmelinii Jord.,Alyssum gmelinii Jord.,Kernera saxatilis (L.) Sweet,Kernera saxatilis (L.) Sweet,Alyssum,Kernera
755703,Aniba ovalifolia Mez,Aniba hypoglauca Sandwith,Aniba hypoglauca Sandwith,Aniba hypoglauca Sandwith,Aniba hypoglauca Sandwith,Ocotea cujumary Mart.,Ocotea cujumary Mart.,Aniba,Ocotea
765504,Columnea divaricata (Poepp.) Walp.,Bellonia aspera L.,Bellonia aspera L.,Bellonia aspera L.,Bellonia aspera L.,Besleria divaricata Poepp.,Besleria divaricata Poepp.,Bellonia,Besleria
767964,Derris robusta var. assamica Thoth.,Brachypterum robustum (Roxb. ex DC.) Dalzell & A.Gibson,Brachypterum robustum (Roxb. ex DC.) Dalzell & A.Gibson,Brachypterum robustum (Roxb. ex DC.) Dalzell & A.Gibson,Brachypterum robustum (Roxb. ex DC.) Dalzell & A.Gibson,Robinia pseudoacacia L.,Robinia pseudoacacia L.,Brachypterum,Robinia
769111,Mangifera silvestris Roxb.,Glycosmis cochinchinensis (Lour.) Pierre ex Engl.,Glycosmis cochinchinensis (Lour.) Pierre ex Engl.,Glycosmis cochinchinensis (Lour.) Pierre ex Engl.,Glycosmis cochinchinensis (Lour.) Pierre ex Engl.,Buchanania lanzan Spreng.,Buchanania lanzan Spreng.,Glycosmis,Buchanania
769112,Buchanania lanzan Spreng.,Glycosmis cochinchinensis (Lour.) Pierre ex Engl.,Glycosmis cochinchinensis (Lour.) Pierre ex Engl.,Glycosmis cochinchinensis (Lour.) Pierre ex Engl.,Glycosmis cochinchinensis (Lour.) Pierre ex Engl.,Buchanania lanzan Spreng.,Buchanania lanzan Spreng.,Glycosmis,Buchanania
769113,Spondias elliptica Rottb. ex Hook.f.,Glycosmis cochinchinensis (Lour.) Pierre ex Engl.,Glycosmis cochinchinensis (Lour.) Pierre ex Engl.,Glycosmis cochinchinensis (Lour.) Pierre ex Engl.,Glycosmis cochinchinensis (Lour.) Pierre ex Engl.,Buchanania lanzan Spreng.,Buchanania lanzan Spreng.,Glycosmis,Buchanania
769114,Buchanania latifolia Roxb.,Glycosmis cochinchinensis (Lour.) Pierre ex Engl.,Glycosmis cochinchinensis (Lour.) Pierre ex Engl.,Glycosmis cochinchinensis (Lour.) Pierre ex Engl.,Glycosmis cochinchinensis (Lour.) Pierre ex Engl.,Buchanania lanzan Spreng.,Buchanania lanzan Spreng.,Glycosmis,Buchanania
769115,Lanzana solitaria Stokes,Glycosmis cochinchinensis (Lour.) Pierre ex Engl.,Glycosmis cochinchinensis (Lour.) Pierre ex Engl.,Glycosmis cochinchinensis (Lour.) Pierre ex Engl.,Glycosmis cochinchinensis (Lour.) Pierre ex Engl.,Buchanania lanzan Spreng.,Buchanania lanzan Spreng.,Glycosmis,Buchanania
769116,Lundia mangiferoides Puerari ex DC.,Glycosmis cochinchinensis (Lour.) Pierre ex Engl.,Glycosmis cochinchinensis (Lour.) Pierre ex Engl.,Glycosmis cochinchinensis (Lour.) Pierre ex Engl.,Glycosmis cochinchinensis (Lour.) Pierre ex Engl.,Buchanania lanzan Spreng.,Buchanania lanzan Spreng.,Glycosmis,Buchanania
774362,Celtis ituriensis De Wild.,Celtis adolfi-friderici Engl.,Celtis adolfi-friderici Engl.,Celtis adolfi-friderici Engl.,Celtis adolfi-friderici Engl.,Trema orientale (L.) Blume,Trema orientale (L.) Blume,Celtis,Trema
774363,Celtis fragifera A.Chev.,Celtis adolfi-friderici Engl.,Celtis adolfi-friderici Engl.,Celtis adolfi-friderici Engl.,Celtis adolfi-friderici Engl.,Sparrea gomphophylla (Baker) X.G.Fu & T.S.Yi,Sparrea gomphophylla (Baker) X.G.Fu & T.S.Yi,Celtis,Sparrea
777585,Cicendia quitensis (Kunth) Griseb.,Cicendia quadrangularis (Lam.) Griseb.,Cicendia quadrangularis (Lam.) Griseb.,Cicendia quadrangularis (Lam.) Griseb.,Cicendia quadrangularis (Lam.) Griseb.,Zeltnera quitensis (Kunth) G.Mans.,Zeltnera quitensis (Kunth) G.Mans.,Cicendia,Zeltnera
781188,Ceanothus leschenaultii DC.,Colubrina asiatica (L.) Brongn.,Colubrina asiatica (L.) Brongn.,Colubrina asiatica (L.) Brongn.,Colubrina asiatica (L.) Brongn.,Trema orientale (L.) Blume,Trema orientale (L.) Blume,Colubrina,Trema
789727,Desmodium parviflorum f. yunnanense Pamp.,Desmodiastrum racemosum (Benth.) A.Pramanik & Thoth.,Desmodiastrum racemosum (Benth.) A.Pramanik & Thoth.,Desmodiastrum racemosum (Benth.) A.Pramanik & Thoth.,Desmodiastrum racemosum (Benth.) A.Pramanik & Thoth.,Leptodesmia microphylla var. microphylla,Leptodesmia microphylla (Thunb.) H.Ohashi & K.Ohashi,Desmodiastrum,Leptodesmia
796048,Ocotea endlicheriopsis Mez,Endlicheria canescens Chanderbali,Endlicheria canescens Chanderbali,Endlicheria canescens Chanderbali,Endlicheria canescens Chanderbali,Ocotea endlicheriopsis Mez,Ocotea endlicheriopsis Mez,Endlicheria,Ocotea
796050,Endlicheria endlicheriopsis (Mez) Kosterm.,Endlicheria canescens Chanderbali,Endlicheria canescens Chanderbali,Endlicheria canescens Chanderbali,Endlicheria canescens Chanderbali,Ocotea endlicheriopsis Mez,Ocotea endlicheriopsis Mez,Endlicheria,Ocotea
799075,Eruca stenocarpa Boiss. & Reut.,Eruca vesicaria (L.) Cav.,Eruca vesicaria (L.) Cav.,Eruca vesicaria (L.) Cav.,Eruca vesicaria (L.) Cav.,Erucastrum nasturtiifolium subsp. nasturtiifolium,Erucastrum nasturtiifolium (Poir.) O.E.Schulz,Eruca,Erucastrum
801184,Sycopsis griffithiana Oliv.,Eustigma lenticellatum C.Y.Wu,Eustigma lenticellatum C.Y.Wu,Eustigma lenticellatum C.Y.Wu,Eustigma lenticellatum C.Y.Wu,Sycopsis griffithiana Oliv.,Sycopsis griffithiana Oliv.,Eustigma,Sycopsis
801520,Acacia aegyptiaca Baill.,Faidherbia albida (Delile) A.Chev.,Faidherbia albida (Delile) A.Chev.,Faidherbia albida (Delile) A.Chev.,Faidherbia albida (Delile) A.Chev.,Vachellia nilotica subsp. nilotica,Vachellia nilotica (L.) P.J.H.Hurter & Mabb.,Faidherbia,Vachellia
806336,Gentiana amarella subsp. chlorifolia (Nees) Arcang.,Gentianella germanica (Willd.) Börner,Gentianella germanica (Willd.) Börner,Gentianella germanica (Willd.) Börner,Gentianella germanica (Willd.) Börner,Gentiana × chlorifolia Nees,Gentiana × chlorifolia Nees,Gentianella,Gentiana
808147,Aillya umbellata var. procumbens (de Vriese) de Vriese,Goodenia filiformis R.Br.,Goodenia filiformis R.Br.,Goodenia filiformis R.Br.,Goodenia filiformis R.Br.,Scaevola pulchella Carolin,Scaevola pulchella Carolin,Goodenia,Scaevola
808148,Aillya umbellata var. spathulata (de Vriese) de Vriese,Goodenia filiformis R.Br.,Goodenia filiformis R.Br.,Goodenia filiformis R.Br.,Goodenia filiformis R.Br.,Scaevola pulchella Carolin,Scaevola pulchella Carolin,Goodenia,Scaevola
810794,Haplanthus neilgherryensis Wight,Haplanthodes Kuntze,Haplanthodes Kuntze,Haplanthodes Kuntze,,Haplanthodes neilgherryensis (Wight) R.B.Majumdar,Haplanthodes neilgherryensis (Wight) R.B.Majumdar,,Haplanthodes
810986,Cereus serruliflorus Haw.,Harrisia divaricata (Lam.) Backeb.,Harrisia divaricata (Lam.) Backeb.,Harrisia divaricata (Lam.) Backeb.,Harrisia divaricata (Lam.) Backeb.,Serrulatocereus serruliflorus (Haw.) Guiggi,Serrulatocereus serruliflorus (Haw.) Guiggi,Harrisia,Serrulatocereus
811064,Hariota clavata var. deliculata (Loefgr.) A.Cast.,Hatiora salicornoides (Haw.) Britton & Rose,Hatiora salicornoides (Haw.) Britton & Rose,Hatiora salicornoides (Haw.) Britton & Rose,Hatiora salicornoides (Haw.) Britton & Rose,Rhipsalis clavata F.A.C.Weber,Rhipsalis clavata F.A.C.Weber,Hatiora,Rhipsalis
811066,Hariota bambusoides var. delicatula (Loefgr.) A.Cast.,Hatiora salicornoides (Haw.) Britton & Rose,Hatiora salicornoides (Haw.) Britton & Rose,Hatiora salicornoides (Haw.) Britton & Rose,Hatiora salicornoides (Haw.) Britton & Rose,Rhipsalis clavata F.A.C.Weber,Rhipsalis clavata F.A.C.Weber,Hatiora,Rhipsalis
811690,Helianthemum alyssoides subsp. cheiranthoides (Lam.) Nyman,Helianthemum syriacum (Jacq.) Dum.Cours.,Helianthemum syriacum (Jacq.) Dum.Cours.,Helianthemum syriacum (Jacq.) Dum.Cours.,Helianthemum syriacum (Jacq.) Dum.Cours.,Cistus × cheiranthoides Lam.,Cistus × cheiranthoides Lam.,Helianthemum,Cistus
813244,Heteropterys angustifolia f. lanceolata Nied.,Heteropterys glabra Hook. & Arn.,Heteropterys glabra Hook. & Arn.,Heteropterys glabra Hook. & Arn.,Heteropterys glabra Hook. & Arn.,Banisteriopsis laevifolia (A.Juss.) B.Gates,Banisteriopsis laevifolia (A.Juss.) B.Gates,Heteropterys,Banisteriopsis
815252,Pleurospermum lecomtianum H.Wolff,Hymenidium wilsonii (H.Boissieu) Pimenov & Kljuykov,Hymenidium wilsonii (H.Boissieu) Pimenov & Kljuykov,Hymenidium wilsonii (H.Boissieu) Pimenov & Kljuykov,Hymenidium wilsonii (H.Boissieu) Pimenov & Kljuykov,Pleurospermum lecomtianum H.Wolff,Pleurospermum lecomtianum H.Wolff,Hymenidium,Pleurospermum
815577,Ilex heterophylla G.Don,Ilex aquifolium L.,Ilex aquifolium L.,Ilex aquifolium L.,Ilex aquifolium L.,Osmanthus heterophyllus (G.Don) P.S.Green,Osmanthus heterophyllus (G.Don) P.S.Green,Ilex,Osmanthus
817734,Robinsonia melianthifolia Willd.,Quiina guianensis Aubl.,Quiina guianensis Aubl.,Quiina guianensis Aubl.,Quiina guianensis Aubl.,Touroulia guianensis Aubl.,Touroulia guianensis Aubl.,Quiina,Touroulia
822740,Connarus decumbens Thunb.,Leobordea polycephala (E.Mey.) B.-E.van Wyk & Boatwr.,Leobordea polycephala (E.Mey.) B.-E.van Wyk & Boatwr.,Leobordea polycephala (E.Mey.) B.-E.van Wyk & Boatwr.,Leobordea polycephala (E.Mey.) B.-E.van Wyk & Boatwr.,Lotononis triphylla (L.) Dorr,Lotononis triphylla (L.) Dorr,Leobordea,Lotononis
822762,Hermannia triphylla L.,Leobordea polycephala (E.Mey.) B.-E.van Wyk & Boatwr.,Leobordea polycephala (E.Mey.) B.-E.van Wyk & Boatwr.,Leobordea polycephala (E.Mey.) B.-E.van Wyk & Boatwr.,Leobordea polycephala (E.Mey.) B.-E.van Wyk & Boatwr.,Lotononis triphylla (L.) Dorr,Lotononis triphylla (L.) Dorr,Leobordea,Lotononis
823720,Acrodiclidium guianense var. oppositifolium Meisn.,Dicypellium caryophyllaceum (Mart.) Nees & Mart.,Dicypellium caryophyllaceum (Mart.) Nees & Mart.,Dicypellium caryophyllaceum (Mart.) Nees & Mart.,Dicypellium caryophyllaceum (Mart.) Nees & Mart.,Licaria chrysophylla (Meisn.) Kosterm.,Licaria chrysophylla (Meisn.) Kosterm.,Dicypellium,Licaria
823724,Acrodiclidium guianense var. reticulatum Meisn.,Dicypellium caryophyllaceum (Mart.) Nees & Mart.,Dicypellium caryophyllaceum (Mart.) Nees & Mart.,Dicypellium caryophyllaceum (Mart.) Nees & Mart.,Dicypellium caryophyllaceum (Mart.) Nees & Mart.,Licaria polyphylla (Nees) Kosterm.,Licaria polyphylla (Nees) Kosterm.,Dicypellium,Licaria
823725,Acrodiclidium guianense Nees,Dicypellium caryophyllaceum (Mart.) Nees & Mart.,Dicypellium caryophyllaceum (Mart.) Nees & Mart.,Dicypellium caryophyllaceum (Mart.) Nees & Mart.,Dicypellium caryophyllaceum (Mart.) Nees & Mart.,Licaria polyphylla (Nees) Kosterm.,Licaria polyphylla (Nees) Kosterm.,Dicypellium,Licaria
823727,Nectandra caudata Nees & Mart. ex Meisn.,Dicypellium caryophyllaceum (Mart.) Nees & Mart.,Dicypellium caryophyllaceum (Mart.) Nees & Mart.,Dicypellium caryophyllaceum (Mart.) Nees & Mart.,Dicypellium caryophyllaceum (Mart.) Nees & Mart.,Licaria polyphylla (Nees) Kosterm.,Licaria polyphylla (Nees) Kosterm.,Dicypellium,Licaria
824681,Chenopodium acutifolium Kit. ex Schult.,"Lipandra polysperma (L.) S.Fuentes, Uotila & Borsch","Lipandra polysperma (L.) S.Fuentes, Uotila & Borsch","Lipandra polysperma (L.) S.Fuentes, Uotila & Borsch","Lipandra polysperma (L.) S.Fuentes, Uotila & Borsch",Chenopodium standleyanum Aellen,Chenopodium standleyanum Aellen,Lipandra,Chenopodium
824685,Chenopodium polyspermum var. spicatum Klett & Richt.,"Lipandra polysperma (L.) S.Fuentes, Uotila & Borsch","Lipandra polysperma (L.) S.Fuentes, Uotila & Borsch","Lipandra polysperma (L.) S.Fuentes, Uotila & Borsch","Lipandra polysperma (L.) S.Fuentes, Uotila & Borsch",Chenopodium standleyanum Aellen,Chenopodium standleyanum Aellen,Lipandra,Chenopodium
824719,Echinopsis dobeana (Dölz) J.G.Lamb.,Leucostele deserticola (Werderm.) Schlumpb.,Leucostele deserticola (Werderm.) Schlumpb.,Leucostele deserticola (Werderm.) Schlumpb.,Leucostele deserticola (Werderm.) Schlumpb.,Echinopsis aurea subsp. aurea,Echinopsis aurea Britton & Rose,Leucostele,Echinopsis
824878,Tournefortia earlei Britton,Myriopus stenophyllus (Urb.) Feuillet,Myriopus stenophyllus (Urb.) Feuillet,Myriopus stenophyllus (Urb.) Feuillet,Myriopus stenophyllus (Urb.) Feuillet,"Heliotropium earlei (Britton) Greuter, P.A.González & R.Rankin","Heliotropium earlei (Britton) Greuter, P.A.González & R.Rankin",Myriopus,Heliotropium
830472,Pyrus densiflora (Spach) Steud.,Aronia arbutifolia (L.) Pers.,Aronia arbutifolia (L.) Pers.,Aronia arbutifolia (L.) Pers.,Aronia arbutifolia (L.) Pers.,Aria edulis (Willd.) M.Roem.,Aria edulis (Willd.) M.Roem.,Aronia,Aria
830475,Aronia densiflora Spach,Aronia arbutifolia (L.) Pers.,Aronia arbutifolia (L.) Pers.,Aronia arbutifolia (L.) Pers.,Aronia arbutifolia (L.) Pers.,Aria edulis (Willd.) M.Roem.,Aria edulis (Willd.) M.Roem.,Aronia,Aria
830486,Sorbus densiflora (Spach) Heynh.,Aronia arbutifolia (L.) Pers.,Aronia arbutifolia (L.) Pers.,Aronia arbutifolia (L.) Pers.,Aronia arbutifolia (L.) Pers.,Aria edulis (Willd.) M.Roem.,Aria edulis (Willd.) M.Roem.,Aronia,Aria
841173,Bredemeyera altissima var. mollis (Triana & Planch.) A.W.Benn.,Bredemeyera divaricata (DC.) J.F.B.Pastore,Bredemeyera divaricata (DC.) J.F.B.Pastore,Bredemeyera divaricata (DC.) J.F.B.Pastore,Bredemeyera divaricata (DC.) J.F.B.Pastore,Securidaca coriacea Bonpl.,Securidaca coriacea Bonpl.,Bredemeyera,Securidaca
847437,Peucedanum praeruptorum subsp. hirsutiusculum Ma,Kitagawia praeruptora (Dunn) Pimenov,Kitagawia praeruptora (Dunn) Pimenov,Kitagawia praeruptora (Dunn) Pimenov,Kitagawia praeruptora (Dunn) Pimenov,Peucedanum harry-smithii var. harry-smithii,Peucedanum harry-smithii Fedde ex H.Wolff,Kitagawia,Peucedanum
847439,Peucedanum hirsutiusculum (Ma) V.M.Vinogr.,Kitagawia praeruptora (Dunn) Pimenov,Kitagawia praeruptora (Dunn) Pimenov,Kitagawia praeruptora (Dunn) Pimenov,Kitagawia praeruptora (Dunn) Pimenov,Peucedanum harry-smithii var. harry-smithii,Peucedanum harry-smithii Fedde ex H.Wolff,Kitagawia,Peucedanum
847506,Richella discostigma (Diels) R.E.Fr.,Monanthotaxis montana (Engl. & Diels) P.H.Hoekstra,Monanthotaxis montana (Engl. & Diels) P.H.Hoekstra,Monanthotaxis montana (Engl. & Diels) P.H.Hoekstra,Monanthotaxis montana (Engl. & Diels) P.H.Hoekstra,Afroguatteria discostigma (Diels) X.Guo & R.M.K.Saunders,Afroguatteria discostigma (Diels) X.Guo & R.M.K.Saunders,Monanthotaxis,Afroguatteria
847507,Oxymitra discostigma (Diels) Ghesq. ex Pellegr.,Monanthotaxis montana (Engl. & Diels) P.H.Hoekstra,Monanthotaxis montana (Engl. & Diels) P.H.Hoekstra,Monanthotaxis montana (Engl. & Diels) P.H.Hoekstra,Monanthotaxis montana (Engl. & Diels) P.H.Hoekstra,Afroguatteria discostigma (Diels) X.Guo & R.M.K.Saunders,Afroguatteria discostigma (Diels) X.Guo & R.M.K.Saunders,Monanthotaxis,Afroguatteria
847508,Friesodielsia discostigma (Diels) Steenis,Monanthotaxis montana (Engl. & Diels) P.H.Hoekstra,Monanthotaxis montana (Engl. & Diels) P.H.Hoekstra,Monanthotaxis montana (Engl. & Diels) P.H.Hoekstra,Monanthotaxis montana (Engl. & Diels) P.H.Hoekstra,Afroguatteria discostigma (Diels) X.Guo & R.M.K.Saunders,Afroguatteria discostigma (Diels) X.Guo & R.M.K.Saunders,Monanthotaxis,Afroguatteria
847509,Cleistopholis discostigma Diels,Monanthotaxis montana (Engl. & Diels) P.H.Hoekstra,Monanthotaxis montana (Engl. & Diels) P.H.Hoekstra,Monanthotaxis montana (Engl. & Diels) P.H.Hoekstra,Monanthotaxis montana (Engl. & Diels) P.H.Hoekstra,Afroguatteria discostigma (Diels) X.Guo & R.M.K.Saunders,Afroguatteria discostigma (Diels) X.Guo & R.M.K.Saunders,Monanthotaxis,Afroguatteria
847510,Afroguatteria discostigma (Diels) X.Guo & R.M.K.Saunders,Monanthotaxis montana (Engl. & Diels) P.H.Hoekstra,Monanthotaxis montana (Engl. & Diels) P.H.Hoekstra,Monanthotaxis montana (Engl. & Diels) P.H.Hoekstra,Monanthotaxis montana (Engl. & Diels) P.H.Hoekstra,Afroguatteria discostigma (Diels) X.Guo & R.M.K.Saunders,Afroguatteria discostigma (Diels) X.Guo & R.M.K.Saunders,Monanthotaxis,Afroguatteria
857303,Centaurea carthamoides Chevall.,Centaurea albonitens Turrill,Centaurea albonitens Turrill,Centaurea albonitens Turrill,Centaurea albonitens Turrill,Phonus lanatus (L.) Hill,Phonus lanatus (L.) Hill,Centaurea,Phonus
858968,Vernonia floribunda Kunth,Vernonanthura patens (Kunth) H.Rob.,Vernonanthura patens (Kunth) H.Rob.,Vernonanthura patens (Kunth) H.Rob.,Vernonanthura patens (Kunth) H.Rob.,Critoniopsis floribunda (Kunth) H.Rob.,Critoniopsis floribunda (Kunth) H.Rob.,Vernonanthura,Critoniopsis
869487,Doronicum japonicum Lam.,Gynura japonica (Thunb.) Juel,Gynura japonica (Thunb.) Juel,Gynura japonica (Thunb.) Juel,Gynura japonica (Thunb.) Juel,Ligularia japonica var. japonica,Ligularia japonica (L.f.) Less. ex DC.,Gynura,Ligularia
869844,Senecio depilis Phil.,Dendrophorbium americanum (L.f.) C.Jeffrey,Dendrophorbium americanum (L.f.) C.Jeffrey,Dendrophorbium americanum (L.f.) C.Jeffrey,Dendrophorbium americanum (L.f.) C.Jeffrey,Acrisione denticulata var. denticulata,Acrisione denticulata (Hook. & Arn.) B.Nord.,Dendrophorbium,Acrisione
870060,Werneria ciliata Wedd. ex Sch.Bip.,Rockhausenia pectinata (Lingelsh.) D.J.N.Hind,Rockhausenia pectinata (Lingelsh.) D.J.N.Hind,Rockhausenia pectinata (Lingelsh.) D.J.N.Hind,Rockhausenia pectinata (Lingelsh.) D.J.N.Hind,Werneria ciliolata A.Gray,Werneria ciliolata A.Gray,Rockhausenia,Werneria
872353,Gnaphalium dealbatum var. luteofuscum (Webb) Lobin,Vellereophyton dealbatum (Thunb.) Hilliard & B.L.Burtt,Vellereophyton dealbatum (Thunb.) Hilliard & B.L.Burtt,Vellereophyton dealbatum (Thunb.) Hilliard & B.L.Burtt,Vellereophyton dealbatum (Thunb.) Hilliard & B.L.Burtt,Pseudognaphalium luteoalbum (L.) Hilliard & B.L.Burtt,Pseudognaphalium luteoalbum (L.) Hilliard & B.L.Burtt,Vellereophyton,Pseudognaphalium
872354,Gnaphalium luteofuscum Webb,Vellereophyton dealbatum (Thunb.) Hilliard & B.L.Burtt,Vellereophyton dealbatum (Thunb.) Hilliard & B.L.Burtt,Vellereophyton dealbatum (Thunb.) Hilliard & B.L.Burtt,Vellereophyton dealbatum (Thunb.) Hilliard & B.L.Burtt,Pseudognaphalium luteoalbum (L.) Hilliard & B.L.Burtt,Pseudognaphalium luteoalbum (L.) Hilliard & B.L.Burtt,Vellereophyton,Pseudognaphalium
872484,Gnaphalium lanatum G.Forst.,Euchiton involucratus (G.Forst.) Holub,Euchiton involucratus (G.Forst.) Holub,Euchiton involucratus (G.Forst.) Holub,Euchiton involucratus (G.Forst.) Holub,"Pseudognaphalium lanatum (G.Forst.) Smissen, Breitw. & de Lange","Pseudognaphalium lanatum (G.Forst.) Smissen, Breitw. & de Lange",Euchiton,Pseudognaphalium
874278,Leysera pilosella Thunb.,Afroaster hispidus (Thunb.) J.C.Manning & Goldblatt,Afroaster hispidus (Thunb.) J.C.Manning & Goldblatt,Afroaster hispidus (Thunb.) J.C.Manning & Goldblatt,Afroaster hispidus (Thunb.) J.C.Manning & Goldblatt,Zyrphelis pilosella (Thunb.) Kuntze,Zyrphelis pilosella (Thunb.) Kuntze,Afroaster,Zyrphelis
886018,Eupatorium decipiens Hook. & Arn.,Ophryosporus triangularis Meyen,Ophryosporus triangularis Meyen,Ophryosporus triangularis Meyen,Ophryosporus triangularis Meyen,Heterocondylus decipiens (Hook. & Arn.) R.M.King & H.Rob.,Heterocondylus decipiens (Hook. & Arn.) R.M.King & H.Rob.,Ophryosporus,Heterocondylus
890476,Vittaria lunulata Roxb.,Nesolindsaea caudata (Hook.) Lehtonen & Christenh.,Nesolindsaea caudata (Hook.) Lehtonen & Christenh.,Nesolindsaea caudata (Hook.) Lehtonen & Christenh.,Nesolindsaea caudata (Hook.) Lehtonen & Christenh.,Lindsaea parasitica (Roxb.) Wall. ex Hieron.,Lindsaea parasitica (Roxb.) Wall. ex Hieron.,Nesolindsaea,Lindsaea
890478,Lindsaea scandens Hook.,Nesolindsaea caudata (Hook.) Lehtonen & Christenh.,Nesolindsaea caudata (Hook.) Lehtonen & Christenh.,Nesolindsaea caudata (Hook.) Lehtonen & Christenh.,Nesolindsaea caudata (Hook.) Lehtonen & Christenh.,Lindsaea scandens Hook.,Lindsaea scandens Hook.,Nesolindsaea,Lindsaea
890479,Vittaria parasitica Roxb.,Nesolindsaea caudata (Hook.) Lehtonen & Christenh.,Nesolindsaea caudata (Hook.) Lehtonen & Christenh.,Nesolindsaea caudata (Hook.) Lehtonen & Christenh.,Nesolindsaea caudata (Hook.) Lehtonen & Christenh.,Lindsaea parasitica (Roxb.) Wall. ex Hieron.,Lindsaea parasitica (Roxb.) Wall. ex Hieron.,Nesolindsaea,Lindsaea
890480,Lindsaea bipinnata Roxb.,Nesolindsaea caudata (Hook.) Lehtonen & Christenh.,Nesolindsaea caudata (Hook.) Lehtonen & Christenh.,Nesolindsaea caudata (Hook.) Lehtonen & Christenh.,Nesolindsaea caudata (Hook.) Lehtonen & Christenh.,Lindsaea parasitica (Roxb.) Wall. ex Hieron.,Lindsaea parasitica (Roxb.) Wall. ex Hieron.,Nesolindsaea,Lindsaea
891340,Lindsaea alexandri var. bipinnata Hillebr.,Asplenium dielerectum Viane,Asplenium dielerectum Viane,Asplenium dielerectum Viane,Asplenium dielerectum Viane,Lindsaea knudsenii Hillebr.,Lindsaea knudsenii Hillebr.,Asplenium,Lindsaea
891566,Trichomanes obtusum (Copel.) C.V.Morton,Hymenophyllum obtusum Hook. & Arn.,Hymenophyllum obtusum Hook. & Arn.,Hymenophyllum obtusum Hook. & Arn.,Hymenophyllum obtusum Hook. & Arn.,Trichomanes maximum Blume,Trichomanes maximum Blume,Hymenophyllum,Trichomanes
895905,Dryopteris strigosa (Willd.) C.Chr.,Ctenitis crinita (Poir.) Ching,Ctenitis crinita (Poir.) Ching,Ctenitis crinita (Poir.) Ching,Ctenitis crinita (Poir.) Ching,Thelypteris strigosa (Willd.) Tardieu,Thelypteris strigosa (Willd.) Tardieu,Ctenitis,Thelypteris
897367,Stenochlaena leptocarpa (Fée) Underw.,Lomariopsis spectabilis Mett.,Lomariopsis spectabilis Mett.,Lomariopsis spectabilis Mett.,Lomariopsis spectabilis Mett.,Teratophyllum leptocarpum (Fée) Holttum,Teratophyllum leptocarpum (Fée) Holttum,Lomariopsis,Teratophyllum
899987,Cyathea remotifolia Bonap.,Alsophila simulans Baker,Alsophila simulans Baker,Alsophila simulans Baker,Alsophila simulans Baker,Cyathea remotifolia Bonap.,Cyathea remotifolia Bonap.,Alsophila,Cyathea
906094,Cyathea nigrescens (Hook.) J.Sm.,Thelypteris woodlarkensis (Copel.) Christenh.,Thelypteris woodlarkensis (Copel.) Christenh.,Thelypteris woodlarkensis (Copel.) Christenh.,Thelypteris woodlarkensis (Copel.) Christenh.,Alsophila woodwardioides (Kaulf.) D.S.Conant,Alsophila woodwardioides (Kaulf.) D.S.Conant,Thelypteris,Alsophila
907816,Anemone soyensis H.Boissieu,Anemonastrum flaccidum (Fr.Schmidt) Mosyakin,Anemonastrum flaccidum (Fr.Schmidt) Mosyakin,Anemonastrum flaccidum (Fr.Schmidt) Mosyakin,Anemonastrum flaccidum (Fr.Schmidt) Mosyakin,Anemonoides soyensis (H.Boissieu) Holub,Anemonoides soyensis (H.Boissieu) Holub,Anemonastrum,Anemonoides
915377,Cytisus lotoides Pourr.,Chamaecytisus supinus subsp. supinus,Chamaecytisus supinus subsp. supinus,Chamaecytisus supinus subsp. supinus,Chamaecytisus supinus (L.) Link,Cytisus lotoides Pourr.,Cytisus lotoides Pourr.,Chamaecytisus,Cytisus
915384,Chamaecytisus supinus var. gallicus (A.Kern. ex Willk. & Lange) C.Vicioso,Chamaecytisus supinus subsp. supinus,Chamaecytisus supinus subsp. supinus,Chamaecytisus supinus subsp. supinus,Chamaecytisus supinus (L.) Link,Cytisus lotoides Pourr.,Cytisus lotoides Pourr.,Chamaecytisus,Cytisus
915391,Cytisus supinus var. gallicus (A.Kern. ex Willk. & Lange) Briq.,Chamaecytisus supinus subsp. supinus,Chamaecytisus supinus subsp. supinus,Chamaecytisus supinus subsp. supinus,Chamaecytisus supinus (L.) Link,Cytisus lotoides Pourr.,Cytisus lotoides Pourr.,Chamaecytisus,Cytisus
915587,Cytisus benehoavensis (Bolle) Svent.,Cytisus scoparius subsp. scoparius,Cytisus scoparius subsp. scoparius,Cytisus scoparius subsp. scoparius,Cytisus scoparius (L.) Link,Convolvulus scoparius L.f.,Convolvulus scoparius L.f.,Cytisus,Convolvulus
917393,Nanophyton acutum (L.) Druce,Nanophyton erinaceum subsp. erinaceum,Nanophyton erinaceum subsp. erinaceum,Nanophyton erinaceum subsp. erinaceum,Nanophyton erinaceum (Pall.) Bunge,Polycnemum majus A.Braun ex Bogenh.,Polycnemum majus A.Braun ex Bogenh.,Nanophyton,Polycnemum
917403,Camphorosma acuta L.,Nanophyton erinaceum subsp. erinaceum,Nanophyton erinaceum subsp. erinaceum,Nanophyton erinaceum subsp. erinaceum,Nanophyton erinaceum (Pall.) Bunge,Polycnemum majus A.Braun ex Bogenh.,Polycnemum majus A.Braun ex Bogenh.,Nanophyton,Polycnemum
918537,Sedum griffithii C.B.Clarke,Rosularia adenotricha subsp. adenotricha,Rosularia adenotricha subsp. adenotricha,Rosularia adenotricha subsp. adenotricha,Rosularia adenotricha (Wall. ex Edgew.) C.-A.Jansson,Sedum griffithii C.B.Clarke,Sedum griffithii C.B.Clarke,Rosularia,Sedum
922558,Olmedia grandifolia Trécul,Maquira guianensis subsp. guianensis,Maquira guianensis subsp. guianensis,Maquira guianensis subsp. guianensis,Maquira guianensis Aubl.,Perebea guianensis subsp. guianensis,Perebea guianensis Aubl.,Maquira,Perebea
927821,Abelmoschus palustris (L.) Walp.,Abelmoschus moschatus subsp. moschatus,Abelmoschus moschatus subsp. moschatus,Abelmoschus moschatus subsp. moschatus,Abelmoschus moschatus Medik.,Hibiscus moscheutos subsp. moscheutos,Hibiscus moscheutos L.,Abelmoschus,Hibiscus
931100,Cardamine nasturtiifolia Steud.,Cardamine pratensis subsp. pratensis,Cardamine pratensis subsp. pratensis,Cardamine pratensis subsp. pratensis,Cardamine pratensis L.,Rorippa bonariensis var. bonariensis,Rorippa bonariensis (Poir.) Macloskie,Cardamine,Rorippa
937365,Ilex ligustrina var. minutiflora (A.Rich.) Loes.,Ilex vomitoria subsp. vomitoria,Ilex vomitoria subsp. vomitoria,Ilex vomitoria subsp. vomitoria,Ilex vomitoria Aiton,Banara minutiflora (A.Rich.) Sleumer,Banara minutiflora (A.Rich.) Sleumer,Ilex,Banara
937416,Ilex cuneifolia Hook.,Jodina rhombifolia subsp. rhombifolia,Jodina rhombifolia subsp. rhombifolia,Jodina rhombifolia subsp. rhombifolia,Jodina rhombifolia (Hook. & Arn.) Reissek,Ilex obcordata var. obcordata,Ilex obcordata Sw.,Jodina,Ilex
938069,Carduus cynaroides Lam.,Cynara cardunculus subsp. cardunculus,Cynara cardunculus subsp. cardunculus,Cynara cardunculus subsp. cardunculus,Cynara cardunculus L.,Lamyropsis cynaroides (Lam.) Dittrich,Lamyropsis cynaroides (Lam.) Dittrich,Cynara,Lamyropsis
938072,Chamaepeuce cynaroides (Lam.) DC.,Cynara cardunculus subsp. cardunculus,Cynara cardunculus subsp. cardunculus,Cynara cardunculus subsp. cardunculus,Cynara cardunculus L.,Lamyropsis cynaroides (Lam.) Dittrich,Lamyropsis cynaroides (Lam.) Dittrich,Cynara,Lamyropsis
938075,Carduus cynara E.H.L.Krause,Cynara cardunculus subsp. cardunculus,Cynara cardunculus subsp. cardunculus,Cynara cardunculus subsp. cardunculus,Cynara cardunculus L.,Lamyropsis cynaroides (Lam.) Dittrich,Lamyropsis cynaroides (Lam.) Dittrich,Cynara,Lamyropsis
938863,Carduus horridus Adams,Centaurea benedicta var. benedicta,Centaurea benedicta var. benedicta,Centaurea benedicta var. benedicta,Centaurea benedicta (L.) L.,"Lophiolepis horrida (Adams) Bureš, Del Guacchio, Iamonico & P.Caputo","Lophiolepis horrida (Adams) Bureš, Del Guacchio, Iamonico & P.Caputo",Centaurea,Lophiolepis
938910,Vernonia apocynifolia Baker,Cyanthillium cinereum var. cinereum,Cyanthillium cinereum var. cinereum,Cyanthillium cinereum var. cinereum,Cyanthillium cinereum (L.) H.Rob.,"Humbertacalia apocynifolia (Baker) Rabarim., Callm. & J.Calvo","Humbertacalia apocynifolia (Baker) Rabarim., Callm. & J.Calvo",Cyanthillium,Humbertacalia
943402,Asplenium bidentatum Willd.,Asplenium erosum var. erosum,Asplenium erosum var. erosum,Asplenium erosum var. erosum,Asplenium erosum L.,Hymenasplenium laetum (Sw.) L.Regalado & Prada,Hymenasplenium laetum (Sw.) L.Regalado & Prada,Asplenium,Hymenasplenium
946073,Galactia formosa (Griseb.) Stuck. ex Seckt,Nanogalactia heterophylla (Gillies ex Hook.) L.P.Queiroz,Nanogalactia heterophylla (Gillies ex Hook.) L.P.Queiroz,Nanogalactia heterophylla (Gillies ex Hook.) L.P.Queiroz,Nanogalactia heterophylla (Gillies ex Hook.) L.P.Queiroz,Collaea argentina Griseb.,Collaea argentina Griseb.,Nanogalactia,Collaea
946074,Collaea argentina Griseb.,Nanogalactia heterophylla (Gillies ex Hook.) L.P.Queiroz,Nanogalactia heterophylla (Gillies ex Hook.) L.P.Queiroz,Nanogalactia heterophylla (Gillies ex Hook.) L.P.Queiroz,Nanogalactia heterophylla (Gillies ex Hook.) L.P.Queiroz,Collaea argentina Griseb.,Collaea argentina Griseb.,Nanogalactia,Collaea
946076,Collaea formosa Griseb.,Nanogalactia heterophylla (Gillies ex Hook.) L.P.Queiroz,Nanogalactia heterophylla (Gillies ex Hook.) L.P.Queiroz,Nanogalactia heterophylla (Gillies ex Hook.) L.P.Queiroz,Nanogalactia heterophylla (Gillies ex Hook.) L.P.Queiroz,Collaea argentina Griseb.,Collaea argentina Griseb.,Nanogalactia,Collaea
1125612,Listrostachys pescatoriana (Lindl.) S.Moore,Oeoniella polystachys (Thouars) Schltr.,Oeoniella polystachys (Thouars) Schltr.,Oeoniella polystachys (Thouars) Schltr.,Oeoniella polystachys (Thouars) Schltr.,Listrostachys pertusa (Lindl.) Rchb.f.,Listrostachys pertusa (Lindl.) Rchb.f.,Oeoniella,Listrostachys
1131359,Canistrum lindenii (Regel) Mez,Hohenbergia augusta (Vell.) É.Morren,Hohenbergia augusta (Vell.) É.Morren,Hohenbergia augusta (Vell.) É.Morren,Hohenbergia augusta (Vell.) É.Morren,Edmundoa lindenii (Regel) Leme,Edmundoa lindenii (Regel) Leme,Hohenbergia,Edmundoa
1156641,Malveopsis spicata var. normalis Kuntze,Malvastrum americanum (L.) Torr.,Malvastrum americanum (L.) Torr.,Malvastrum americanum (L.) Torr.,Malvastrum americanum (L.) Torr.,Melochia spicata (L.) Fryxell,Melochia spicata (L.) Fryxell,Malvastrum,Melochia
1156643,Melochia spicata (L.) Fryxell,Malvastrum americanum (L.) Torr.,Malvastrum americanum (L.) Torr.,Malvastrum americanum (L.) Torr.,Malvastrum americanum (L.) Torr.,Melochia spicata (L.) Fryxell,Melochia spicata (L.) Fryxell,Malvastrum,Melochia
1156644,Visenia spicata (L.) Colla,Malvastrum americanum (L.) Torr.,Malvastrum americanum (L.) Torr.,Malvastrum americanum (L.) Torr.,Malvastrum americanum (L.) Torr.,Melochia spicata (L.) Fryxell,Melochia spicata (L.) Fryxell,Malvastrum,Melochia
1156647,Malveopsis spicata (L.) Kuntze,Malvastrum americanum (L.) Torr.,Malvastrum americanum (L.) Torr.,Malvastrum americanum (L.) Torr.,Malvastrum americanum (L.) Torr.,Melochia spicata (L.) Fryxell,Melochia spicata (L.) Fryxell,Malvastrum,Melochia
1156648,Malvastrum spicatum (L.) A.Gray,Malvastrum americanum (L.) Torr.,Malvastrum americanum (L.) Torr.,Malvastrum americanum (L.) Torr.,Malvastrum americanum (L.) Torr.,Melochia spicata (L.) Fryxell,Melochia spicata (L.) Fryxell,Malvastrum,Melochia
1157915,Vigna stipulacea (Lam.) Kuntze,Pueraria montana var. lobata (Willd.) Maesen & S.M.Almeida ex Sanjappa & Predeep,Pueraria montana var. lobata (Willd.) Maesen & S.M.Almeida ex Sanjappa & Predeep,Pueraria montana var. lobata (Willd.) Maesen & S.M.Almeida ex Sanjappa & Predeep,Pueraria montana (Lour.) Merr.,Vigna stipulacea (Lam.) Kuntze,Vigna stipulacea (Lam.) Kuntze,Pueraria,Vigna
1167851,Cumulopuntia berteroi (Colla) F.Ritter,Eriosyce subgibbosa (Haw.) Katt.,Eriosyce subgibbosa (Haw.) Katt.,Eriosyce subgibbosa (Haw.) Katt.,Eriosyce subgibbosa (Haw.) Katt.,Cumulopuntia berteroi (Colla) F.Ritter,Cumulopuntia berteroi (Colla) F.Ritter,Eriosyce,Cumulopuntia
1167859,Opuntia berteroi (Colla) A.E.Hoffm.,Eriosyce subgibbosa (Haw.) Katt.,Eriosyce subgibbosa (Haw.) Katt.,Eriosyce subgibbosa (Haw.) Katt.,Eriosyce subgibbosa (Haw.) Katt.,Cumulopuntia berteroi (Colla) F.Ritter,Cumulopuntia berteroi (Colla) F.Ritter,Eriosyce,Cumulopuntia
1167860,Echinocactus berteroi (Colla) Gay,Eriosyce subgibbosa (Haw.) Katt.,Eriosyce subgibbosa (Haw.) Katt.,Eriosyce subgibbosa (Haw.) Katt.,Eriosyce subgibbosa (Haw.) Katt.,Cumulopuntia berteroi (Colla) F.Ritter,Cumulopuntia berteroi (Colla) F.Ritter,Eriosyce,Cumulopuntia
1175934,Caesalpinia pyramidata (Mill.) Martyn,Cenostigma gaumeri (Greenm.) Gagnon & G.P.Lewis,Cenostigma gaumeri (Greenm.) Gagnon & G.P.Lewis,Cenostigma gaumeri (Greenm.) Gagnon & G.P.Lewis,Cenostigma gaumeri (Greenm.) Gagnon & G.P.Lewis,Erythrostemon yucatanensis var. yucatanensis,Erythrostemon yucatanensis (Greenm.) Gagnon & G.P.Lewis,Cenostigma,Erythrostemon
1176480,Arenaria arctica var. hondoensis (Ohwi) H.Hara,Cherleria arctica (Steven ex Ser.) A.J.Moore & Dillenb.,Cherleria arctica (Steven ex Ser.) A.J.Moore & Dillenb.,Cherleria arctica (Steven ex Ser.) A.J.Moore & Dillenb.,Cherleria arctica (Steven ex Ser.) A.J.Moore & Dillenb.,Minuartia hondoensis (Ohwi) Ohwi,Minuartia hondoensis (Ohwi) Ohwi,Cherleria,Minuartia
1177190,Arctium majus subsp. intermedium (Lange) Nyman,Cousinia chlorocephala C.A.Mey. ex DC.,Cousinia chlorocephala C.A.Mey. ex DC.,Cousinia chlorocephala C.A.Mey. ex DC.,Cousinia chlorocephala C.A.Mey. ex DC.,Arctium nemorosum Lej.,Arctium nemorosum Lej.,Cousinia,Arctium
1177191,Lappa intermedium (Lange) Lange,Cousinia chlorocephala C.A.Mey. ex DC.,Cousinia chlorocephala C.A.Mey. ex DC.,Cousinia chlorocephala C.A.Mey. ex DC.,Cousinia chlorocephala C.A.Mey. ex DC.,Arctium nemorosum Lej.,Arctium nemorosum Lej.,Cousinia,Arctium
1179532,Shawia arguta (Benth.) Britten,Camptacra gracilis (Benth.) Lander,Camptacra gracilis (Benth.) Lander,Camptacra gracilis (Benth.) Lander,Camptacra gracilis (Benth.) Lander,Olearia arguta Benth.,Olearia arguta Benth.,Camptacra,Olearia
1181725,Parahemionitis arifolia (Burm.f.) Panigrahi,Acrostichum aureum L.,Acrostichum aureum L.,Acrostichum aureum L.,Acrostichum aureum L.,Hemionitis arifolia (Burm.f.) T.Moore,Hemionitis arifolia (Burm.f.) T.Moore,Acrostichum,Hemionitis
1181726,Gymnogramma arifolia (Burm.f.) Kuhn,Acrostichum aureum L.,Acrostichum aureum L.,Acrostichum aureum L.,Acrostichum aureum L.,Hemionitis arifolia (Burm.f.) T.Moore,Hemionitis arifolia (Burm.f.) T.Moore,Acrostichum,Hemionitis
1181727,Hemionitis arifolia (Burm.f.) T.Moore,Acrostichum aureum L.,Acrostichum aureum L.,Acrostichum aureum L.,Acrostichum aureum L.,Hemionitis arifolia (Burm.f.) T.Moore,Hemionitis arifolia (Burm.f.) T.Moore,Acrostichum,Hemionitis
1188656,Matricaria valentina (L.) L.,Porophyllum ruderale var. ruderale,Porophyllum ruderale var. ruderale,Porophyllum ruderale var. ruderale,Porophyllum ruderale (Jacq.) Cass.,Anacyclus radiatus Loisel.,Anacyclus radiatus Loisel.,Porophyllum,Anacyclus
1194333,Coprosma dentata (Elmer) Heads,Nertera granadensis var. granadensis,Nertera granadensis var. granadensis,Nertera granadensis var. granadensis,Nertera granadensis (Mutis ex L.f.) Druce,Hemiphragma heterophyllum var. dentatum (Elmer) T.Yamaz.,Hemiphragma heterophyllum Wall.,Nertera,Hemiphragma
1196840,Anoectochilus lowii T.Br.,Dossinia marmorata C.Morren,Dossinia marmorata C.Morren,Dossinia marmorata C.Morren,Dossinia marmorata C.Morren,Anoectochilus brevilabris Lindl.,Anoectochilus brevilabris Lindl.,Dossinia,Anoectochilus
1197443,Octomeria stellata (Lindl.) Spreng.,Eria javanica (Sw.) Blume,Eria javanica (Sw.) Blume,Bulbophyllum gibbosum (Blume) Lindl.,Bulbophyllum gibbosum (Blume) Lindl.,Eria stellata Lindl.,Eria stellata Lindl.,Bulbophyllum,Eria
1197445,Tainia stellata (Lindl.) Pfitzer,Eria javanica (Sw.) Blume,Eria javanica (Sw.) Blume,Bulbophyllum gibbosum (Blume) Lindl.,Bulbophyllum gibbosum (Blume) Lindl.,Eria stellata Lindl.,Eria stellata Lindl.,Bulbophyllum,Eria
1197446,Eria rugosa (Blume) Lindl.,Eria javanica (Sw.) Blume,Eria javanica (Sw.) Blume,Bulbophyllum gibbosum (Blume) Lindl.,Bulbophyllum gibbosum (Blume) Lindl.,Eria stellata Lindl.,Eria stellata Lindl.,Bulbophyllum,Eria
1197447,Pinalia fragrans (Rchb.f.) Kuntze,Eria javanica (Sw.) Blume,Eria javanica (Sw.) Blume,Bulbophyllum gibbosum (Blume) Lindl.,Bulbophyllum gibbosum (Blume) Lindl.,Eria stellata Lindl.,Eria stellata Lindl.,Bulbophyllum,Eria
1197448,Pinalia stellata (Lindl.) Kuntze,Eria javanica (Sw.) Blume,Eria javanica (Sw.) Blume,Bulbophyllum gibbosum (Blume) Lindl.,Bulbophyllum gibbosum (Blume) Lindl.,Eria stellata Lindl.,Eria stellata Lindl.,Bulbophyllum,Eria
1197449,Pinalia rugosa (Blume) Kuntze,Eria javanica (Sw.) Blume,Eria javanica (Sw.) Blume,Bulbophyllum gibbosum (Blume) Lindl.,Bulbophyllum gibbosum (Blume) Lindl.,Eria stellata Lindl.,Eria stellata Lindl.,Bulbophyllum,Eria
1197450,Pinalia striolata (Rchb.f.) Kuntze,Eria javanica (Sw.) Blume,Eria javanica (Sw.) Blume,Bulbophyllum gibbosum (Blume) Lindl.,Bulbophyllum gibbosum (Blume) Lindl.,Eria stellata Lindl.,Eria stellata Lindl.,Bulbophyllum,Eria
1214362,Dupatya vaginata (Körn.) Kuntze,Syngonanthus fischerianus (Bong.) Ruhland,Syngonanthus fischerianus (Bong.) Ruhland,Syngonanthus fischerianus (Bong.) Ruhland,Syngonanthus fischerianus (Bong.) Ruhland,Paepalanthus vaginatus Körn.,Paepalanthus vaginatus Körn.,Syngonanthus,Paepalanthus
1222947,Vilfa frondosa C.Presl,Agrostis castellana Boiss. & Reut.,Agrostis castellana Boiss. & Reut.,Agrostis castellana Boiss. & Reut.,Agrostis castellana Boiss. & Reut.,Polypogon viridis (Gouan) Breistr.,Polypogon viridis (Gouan) Breistr.,Agrostis,Polypogon
1257404,Feuilleea terminalis Kuntze,Pseudalbizzia polycephala (Benth.) E.J.M.Koenen & Duno,Pseudalbizzia polycephala (Benth.) E.J.M.Koenen & Duno,Pseudalbizzia polycephala (Benth.) E.J.M.Koenen & Duno,Pseudalbizzia polycephala (Benth.) E.J.M.Koenen & Duno,"Hydrochorea pedicellaris (DC.) M.V.B.Soares, Iganci & M.P.Morim","Hydrochorea pedicellaris (DC.) M.V.B.Soares, Iganci & M.P.Morim",Pseudalbizzia,Hydrochorea
1267319,Chrysoxylon vinhatico Casar.,Dimorphandra exaltata Schott,Dimorphandra exaltata Schott,Dimorphandra exaltata Schott,Dimorphandra exaltata Schott,Plathymenia reticulata Benth.,Plathymenia reticulata Benth.,Dimorphandra,Plathymenia
1269092,Eruca vesicaria var. stenocarpa (Boiss. & Reut.) Thell.,Eruca vesicaria (L.) Cav.,Eruca vesicaria (L.) Cav.,Eruca vesicaria (L.) Cav.,Eruca vesicaria (L.) Cav.,Erucastrum nasturtiifolium subsp. nasturtiifolium,Erucastrum nasturtiifolium (Poir.) O.E.Schulz,Eruca,Erucastrum
1269096,Eruca sativa var. stenocarpa (Boiss. & Reut.) Coss.,Eruca vesicaria (L.) Cav.,Eruca vesicaria (L.) Cav.,Eruca vesicaria (L.) Cav.,Eruca vesicaria (L.) Cav.,Erucastrum nasturtiifolium subsp. nasturtiifolium,Erucastrum nasturtiifolium (Poir.) O.E.Schulz,Eruca,Erucastrum
1269103,Eruca sativa subsp. stenocarpa (Boiss. & Reut.) Maire,Eruca vesicaria (L.) Cav.,Eruca vesicaria (L.) Cav.,Eruca vesicaria (L.) Cav.,Eruca vesicaria (L.) Cav.,Erucastrum nasturtiifolium subsp. nasturtiifolium,Erucastrum nasturtiifolium (Poir.) O.E.Schulz,Eruca,Erucastrum
1271752,Haplanthus tentaculatus var. neilgherryensis (Wight) C.B.Clarke,Haplanthodes Kuntze,Haplanthodes Kuntze,Haplanthodes Kuntze,,Haplanthodes neilgherryensis (Wight) R.B.Majumdar,Haplanthodes neilgherryensis (Wight) R.B.Majumdar,,Haplanthodes
1271754,Bremekampia neilgherryensis (Wight) Sreem.,Haplanthodes Kuntze,Haplanthodes Kuntze,Haplanthodes Kuntze,,Haplanthodes neilgherryensis (Wight) R.B.Majumdar,Haplanthodes neilgherryensis (Wight) R.B.Majumdar,,Haplanthodes
1271792,Harrisia serruliflora (Haw.) Lourteig,Harrisia divaricata (Lam.) Backeb.,Harrisia divaricata (Lam.) Backeb.,Harrisia divaricata (Lam.) Backeb.,Harrisia divaricata (Lam.) Backeb.,Serrulatocereus serruliflorus (Haw.) Guiggi,Serrulatocereus serruliflorus (Haw.) Guiggi,Harrisia,Serrulatocereus
1271794,Serrulatocereus serruliflorus (Haw.) Guiggi,Harrisia divaricata (Lam.) Backeb.,Harrisia divaricata (Lam.) Backeb.,Harrisia divaricata (Lam.) Backeb.,Harrisia divaricata (Lam.) Backeb.,Serrulatocereus serruliflorus (Haw.) Guiggi,Serrulatocereus serruliflorus (Haw.) Guiggi,Harrisia,Serrulatocereus
1273182,Robinsonia guianensis (Aubl.) J.F.Gmel.,Quiina guianensis Aubl.,Quiina guianensis Aubl.,Quiina guianensis Aubl.,Quiina guianensis Aubl.,Touroulia guianensis Aubl.,Touroulia guianensis Aubl.,Quiina,Touroulia
1280831,× Rowleyara hildmannii (Hildm.) P.V.Heath,Disocactus crenatus subsp. kimnachii (Bavo) M.Á.Cruz & S.Arias,Disocactus crenatus subsp. kimnachii (Bavo) M.Á.Cruz & S.Arias,Disocactus crenatus subsp. kimnachii (Bavo) M.Á.Cruz & S.Arias,Disocactus crenatus (Lindl.) M.Á.Cruz & S.Arias,× Disoselenicereus hildmannii (Hildm.) M.H.J.van der Meer,× Disoselenicereus hildmannii (Hildm.) M.H.J.van der Meer,Disocactus,× Disoselenicereus
1292349,Anemonoides soyensis (H.Boissieu) Holub,Anemonastrum flaccidum (Fr.Schmidt) Mosyakin,Anemonastrum flaccidum (Fr.Schmidt) Mosyakin,Anemonastrum flaccidum (Fr.Schmidt) Mosyakin,Anemonastrum flaccidum (Fr.Schmidt) Mosyakin,Anemonoides soyensis (H.Boissieu) Holub,Anemonoides soyensis (H.Boissieu) Holub,Anemonastrum,Anemonoides
1294918,Maquira grandifolia (Trécul) Baill. ex Benth. & Hook.f.,Maquira guianensis subsp. guianensis,Maquira guianensis subsp. guianensis,Maquira guianensis subsp. guianensis,Maquira guianensis Aubl.,Perebea guianensis subsp. guianensis,Perebea guianensis Aubl.,Maquira,Perebea
1296844,Cirsium horridum (Adams) Petr.,Centaurea benedicta var. benedicta,Centaurea benedicta var. benedicta,Centaurea benedicta var. benedicta,Centaurea benedicta (L.) L.,"Lophiolepis horrida (Adams) Bureš, Del Guacchio, Iamonico & P.Caputo","Lophiolepis horrida (Adams) Bureš, Del Guacchio, Iamonico & P.Caputo",Centaurea,Lophiolepis
1297292,Placus membranaceus (DC.) Kuntze,Pluchea paniculata var. paniculata,Pluchea paniculata var. paniculata,Pluchea paniculata var. paniculata,Pluchea paniculata (Willd.) Karthik. & Moorthy,Blumea membranacea DC.,Blumea membranacea DC.,Pluchea,Blumea
